disease,symptom_1,symptom_2,symptom_3,symptom_4,symptom_5,symptom_6,symptom_7,symptom_8,symptom_9,symptom_10,symptom_11,symptom_12,symptom_13,symptom_14,symptom_15,symptom_16,symptom_17,temperature,recommendation,symptoms
Fungal infection,itching,skin_rash,nodal_skin_eruptions,dischromic _patches,,,,,,,,,,,,,,36.1-37.2°C / 97-99°F,"Keep the affected area clean and dry; use antifungal creams/powders as directed. Avoid tight or synthetic clothing, don't share towels or personal items, and see a doctor if the rash spreads or doesn't improve in 2 weeks.","itching,skin_rash,nodal_skin_eruptions,dischromic _patches"
Fungal infection,skin_rash,nodal_skin_eruptions,dischromic _patches,,,,,,,,,,,,,,,36.1-37.2°C / 97-99°F,"Keep the affected area clean and dry; use antifungal creams/powders as directed. Avoid tight or synthetic clothing, don't share towels or personal items, and see a doctor if the rash spreads or doesn't improve in 2 weeks.","skin_rash,nodal_skin_eruptions,dischromic _patches"
Fungal infection,itching,nodal_skin_eruptions,dischromic _patches,,,,,,,,,,,,,,,36.1-37.2°C / 97-99°F,"Keep the affected area clean and dry; use antifungal creams/powders as directed. Avoid tight or synthetic clothing, don't share towels or personal items, and see a doctor if the rash spreads or doesn't improve in 2 weeks.","itching,nodal_skin_eruptions,dischromic _patches"
Fungal infection,itching,skin_rash,dischromic _patches,,,,,,,,,,,,,,,36.1-37.2°C / 97-99°F,"Keep the affected area clean and dry; use antifungal creams/powders as directed. Avoid tight or synthetic clothing, don't share towels or personal items, and see a doctor if the rash spreads or doesn't improve in 2 weeks.","itching,skin_rash,dischromic _patches"
Fungal infection,itching,skin_rash,nodal_skin_eruptions,,,,,,,,,,,,,,,36.1-37.2°C / 97-99°F,"Keep the affected area clean and dry; use antifungal creams/powders as directed. Avoid tight or synthetic clothing, don't share towels or personal items, and see a doctor if the rash spreads or doesn't improve in 2 weeks.","itching,skin_rash,nodal_skin_eruptions"
Allergy,continuous_sneezing,shivering,chills,watering_from_eyes,,,,,,,,,,,,,,36.1-37.2°C / 97-99°F,"Identify and avoid the triggering allergen where possible. Antihistamines can ease sneezing, watering eyes, and chills. Seek urgent care if there is swelling of the face/throat or difficulty breathing (signs of a severe reaction).","continuous_sneezing,shivering,chills,watering_from_eyes"
Allergy,shivering,chills,watering_from_eyes,,,,,,,,,,,,,,,36.1-37.2°C / 97-99°F,"Identify and avoid the triggering allergen where possible. Antihistamines can ease sneezing, watering eyes, and chills. Seek urgent care if there is swelling of the face/throat or difficulty breathing (signs of a severe reaction).","shivering,chills,watering_from_eyes"
Allergy,continuous_sneezing,chills,watering_from_eyes,,,,,,,,,,,,,,,36.1-37.2°C / 97-99°F,"Identify and avoid the triggering allergen where possible. Antihistamines can ease sneezing, watering eyes, and chills. Seek urgent care if there is swelling of the face/throat or difficulty breathing (signs of a severe reaction).","continuous_sneezing,chills,watering_from_eyes"
Allergy,continuous_sneezing,shivering,watering_from_eyes,,,,,,,,,,,,,,,36.1-37.2°C / 97-99°F,"Identify and avoid the triggering allergen where possible. Antihistamines can ease sneezing, watering eyes, and chills. Seek urgent care if there is swelling of the face/throat or difficulty breathing (signs of a severe reaction).","continuous_sneezing,shivering,watering_from_eyes"
Allergy,continuous_sneezing,shivering,chills,,,,,,,,,,,,,,,36.1-37.2°C / 97-99°F,"Identify and avoid the triggering allergen where possible. Antihistamines can ease sneezing, watering eyes, and chills. Seek urgent care if there is swelling of the face/throat or difficulty breathing (signs of a severe reaction).","continuous_sneezing,shivering,chills"
GERD,stomach_pain,acidity,ulcers_on_tongue,vomiting,cough,chest_pain,,,,,,,,,,,,36.1-37.2°C / 97-99°F,"Eat smaller meals, avoid lying down right after eating, and cut back on spicy/fatty foods, caffeine, and alcohol. Elevate the head of the bed. See a doctor if symptoms persist despite lifestyle changes or if you have difficulty swallowing.","stomach_pain,acidity,ulcers_on_tongue,vomiting,cough,chest_pain"
GERD,stomach_pain,ulcers_on_tongue,vomiting,cough,chest_pain,,,,,,,,,,,,,36.1-37.2°C / 97-99°F,"Eat smaller meals, avoid lying down right after eating, and cut back on spicy/fatty foods, caffeine, and alcohol. Elevate the head of the bed. See a doctor if symptoms persist despite lifestyle changes or if you have difficulty swallowing.","stomach_pain,ulcers_on_tongue,vomiting,cough,chest_pain"
GERD,stomach_pain,acidity,vomiting,cough,chest_pain,,,,,,,,,,,,,36.1-37.2°C / 97-99°F,"Eat smaller meals, avoid lying down right after eating, and cut back on spicy/fatty foods, caffeine, and alcohol. Elevate the head of the bed. See a doctor if symptoms persist despite lifestyle changes or if you have difficulty swallowing.","stomach_pain,acidity,vomiting,cough,chest_pain"
GERD,stomach_pain,acidity,ulcers_on_tongue,cough,chest_pain,,,,,,,,,,,,,36.1-37.2°C / 97-99°F,"Eat smaller meals, avoid lying down right after eating, and cut back on spicy/fatty foods, caffeine, and alcohol. Elevate the head of the bed. See a doctor if symptoms persist despite lifestyle changes or if you have difficulty swallowing.","stomach_pain,acidity,ulcers_on_tongue,cough,chest_pain"
GERD,stomach_pain,acidity,ulcers_on_tongue,vomiting,chest_pain,,,,,,,,,,,,,36.1-37.2°C / 97-99°F,"Eat smaller meals, avoid lying down right after eating, and cut back on spicy/fatty foods, caffeine, and alcohol. Elevate the head of the bed. See a doctor if symptoms persist despite lifestyle changes or if you have difficulty swallowing.","stomach_pain,acidity,ulcers_on_tongue,vomiting,chest_pain"
GERD,stomach_pain,acidity,ulcers_on_tongue,vomiting,cough,,,,,,,,,,,,,36.1-37.2°C / 97-99°F,"Eat smaller meals, avoid lying down right after eating, and cut back on spicy/fatty foods, caffeine, and alcohol. Elevate the head of the bed. See a doctor if symptoms persist despite lifestyle changes or if you have difficulty swallowing.","stomach_pain,acidity,ulcers_on_tongue,vomiting,cough"
GERD,acidity,ulcers_on_tongue,vomiting,cough,chest_pain,,,,,,,,,,,,,36.1-37.2°C / 97-99°F,"Eat smaller meals, avoid lying down right after eating, and cut back on spicy/fatty foods, caffeine, and alcohol. Elevate the head of the bed. See a doctor if symptoms persist despite lifestyle changes or if you have difficulty swallowing.","acidity,ulcers_on_tongue,vomiting,cough,chest_pain"
Chronic cholestasis,itching,vomiting,yellowish_skin,nausea,loss_of_appetite,abdominal_pain,yellowing_of_eyes,,,,,,,,,,,37.5-38.5°C / 99.5-101.3°F,"This involves reduced bile flow and needs medical evaluation (liver function tests, imaging). Avoid alcohol and unnecessary medications that stress the liver. Consult a hepatologist/gastroenterologist promptly for diagnosis and management.","itching,vomiting,yellowish_skin,nausea,loss_of_appetite,abdominal_pain,yellowing_of_eyes"
Chronic cholestasis,vomiting,yellowish_skin,nausea,loss_of_appetite,abdominal_pain,yellowing_of_eyes,,,,,,,,,,,,37.5-38.5°C / 99.5-101.3°F,"This involves reduced bile flow and needs medical evaluation (liver function tests, imaging). Avoid alcohol and unnecessary medications that stress the liver. Consult a hepatologist/gastroenterologist promptly for diagnosis and management.","vomiting,yellowish_skin,nausea,loss_of_appetite,abdominal_pain,yellowing_of_eyes"
Chronic cholestasis,itching,yellowish_skin,nausea,loss_of_appetite,abdominal_pain,yellowing_of_eyes,,,,,,,,,,,,37.5-38.5°C / 99.5-101.3°F,"This involves reduced bile flow and needs medical evaluation (liver function tests, imaging). Avoid alcohol and unnecessary medications that stress the liver. Consult a hepatologist/gastroenterologist promptly for diagnosis and management.","itching,yellowish_skin,nausea,loss_of_appetite,abdominal_pain,yellowing_of_eyes"
Chronic cholestasis,itching,vomiting,nausea,loss_of_appetite,abdominal_pain,yellowing_of_eyes,,,,,,,,,,,,37.5-38.5°C / 99.5-101.3°F,"This involves reduced bile flow and needs medical evaluation (liver function tests, imaging). Avoid alcohol and unnecessary medications that stress the liver. Consult a hepatologist/gastroenterologist promptly for diagnosis and management.","itching,vomiting,nausea,loss_of_appetite,abdominal_pain,yellowing_of_eyes"
Chronic cholestasis,itching,vomiting,yellowish_skin,loss_of_appetite,abdominal_pain,yellowing_of_eyes,,,,,,,,,,,,37.5-38.5°C / 99.5-101.3°F,"This involves reduced bile flow and needs medical evaluation (liver function tests, imaging). Avoid alcohol and unnecessary medications that stress the liver. Consult a hepatologist/gastroenterologist promptly for diagnosis and management.","itching,vomiting,yellowish_skin,loss_of_appetite,abdominal_pain,yellowing_of_eyes"
Chronic cholestasis,itching,vomiting,yellowish_skin,nausea,abdominal_pain,yellowing_of_eyes,,,,,,,,,,,,37.5-38.5°C / 99.5-101.3°F,"This involves reduced bile flow and needs medical evaluation (liver function tests, imaging). Avoid alcohol and unnecessary medications that stress the liver. Consult a hepatologist/gastroenterologist promptly for diagnosis and management.","itching,vomiting,yellowish_skin,nausea,abdominal_pain,yellowing_of_eyes"
Chronic cholestasis,itching,vomiting,yellowish_skin,nausea,loss_of_appetite,yellowing_of_eyes,,,,,,,,,,,,37.5-38.5°C / 99.5-101.3°F,"This involves reduced bile flow and needs medical evaluation (liver function tests, imaging). Avoid alcohol and unnecessary medications that stress the liver. Consult a hepatologist/gastroenterologist promptly for diagnosis and management.","itching,vomiting,yellowish_skin,nausea,loss_of_appetite,yellowing_of_eyes"
Chronic cholestasis,itching,vomiting,yellowish_skin,nausea,loss_of_appetite,abdominal_pain,,,,,,,,,,,,37.5-38.5°C / 99.5-101.3°F,"This involves reduced bile flow and needs medical evaluation (liver function tests, imaging). Avoid alcohol and unnecessary medications that stress the liver. Consult a hepatologist/gastroenterologist promptly for diagnosis and management.","itching,vomiting,yellowish_skin,nausea,loss_of_appetite,abdominal_pain"
Drug Reaction,itching,skin_rash,stomach_pain,burning_micturition,spotting_ urination,,,,,,,,,,,,,36.5-39°C / 97.7-102.2°F,"Stop the suspected medication and consult a doctor before restarting any drug. Note down the medication for future reference to avoid re-exposure. Seek emergency care if there is swelling, breathing difficulty, or widespread rash.","itching,skin_rash,stomach_pain,burning_micturition,spotting_ urination"
Drug Reaction,itching,stomach_pain,burning_micturition,spotting_ urination,,,,,,,,,,,,,,36.5-39°C / 97.7-102.2°F,"Stop the suspected medication and consult a doctor before restarting any drug. Note down the medication for future reference to avoid re-exposure. Seek emergency care if there is swelling, breathing difficulty, or widespread rash.","itching,stomach_pain,burning_micturition,spotting_ urination"
Drug Reaction,itching,skin_rash,burning_micturition,spotting_ urination,,,,,,,,,,,,,,36.5-39°C / 97.7-102.2°F,"Stop the suspected medication and consult a doctor before restarting any drug. Note down the medication for future reference to avoid re-exposure. Seek emergency care if there is swelling, breathing difficulty, or widespread rash.","itching,skin_rash,burning_micturition,spotting_ urination"
Drug Reaction,itching,skin_rash,stomach_pain,spotting_ urination,,,,,,,,,,,,,,36.5-39°C / 97.7-102.2°F,"Stop the suspected medication and consult a doctor before restarting any drug. Note down the medication for future reference to avoid re-exposure. Seek emergency care if there is swelling, breathing difficulty, or widespread rash.","itching,skin_rash,stomach_pain,spotting_ urination"
Drug Reaction,itching,skin_rash,stomach_pain,burning_micturition,,,,,,,,,,,,,,36.5-39°C / 97.7-102.2°F,"Stop the suspected medication and consult a doctor before restarting any drug. Note down the medication for future reference to avoid re-exposure. Seek emergency care if there is swelling, breathing difficulty, or widespread rash.","itching,skin_rash,stomach_pain,burning_micturition"
Drug Reaction,skin_rash,stomach_pain,burning_micturition,spotting_ urination,,,,,,,,,,,,,,36.5-39°C / 97.7-102.2°F,"Stop the suspected medication and consult a doctor before restarting any drug. Note down the medication for future reference to avoid re-exposure. Seek emergency care if there is swelling, breathing difficulty, or widespread rash.","skin_rash,stomach_pain,burning_micturition,spotting_ urination"
Peptic ulcer diseae,vomiting,loss_of_appetite,abdominal_pain,passage_of_gases,internal_itching,,,,,,,,,,,,,36.1-37.2°C / 97-99°F,"Avoid NSAIDs, alcohol, and smoking, which worsen ulcers. Eat regular, smaller meals. See a doctor for testing (e.g., for H. pylori) and treatment; seek urgent care for black stools or vomiting blood.","vomiting,loss_of_appetite,abdominal_pain,passage_of_gases,internal_itching"
Peptic ulcer diseae,vomiting,indigestion,abdominal_pain,passage_of_gases,internal_itching,,,,,,,,,,,,,36.1-37.2°C / 97-99°F,"Avoid NSAIDs, alcohol, and smoking, which worsen ulcers. Eat regular, smaller meals. See a doctor for testing (e.g., for H. pylori) and treatment; seek urgent care for black stools or vomiting blood.","vomiting,indigestion,abdominal_pain,passage_of_gases,internal_itching"
Peptic ulcer diseae,indigestion,loss_of_appetite,abdominal_pain,passage_of_gases,internal_itching,,,,,,,,,,,,,36.1-37.2°C / 97-99°F,"Avoid NSAIDs, alcohol, and smoking, which worsen ulcers. Eat regular, smaller meals. See a doctor for testing (e.g., for H. pylori) and treatment; seek urgent care for black stools or vomiting blood.","indigestion,loss_of_appetite,abdominal_pain,passage_of_gases,internal_itching"
Peptic ulcer diseae,vomiting,indigestion,loss_of_appetite,passage_of_gases,internal_itching,,,,,,,,,,,,,36.1-37.2°C / 97-99°F,"Avoid NSAIDs, alcohol, and smoking, which worsen ulcers. Eat regular, smaller meals. See a doctor for testing (e.g., for H. pylori) and treatment; seek urgent care for black stools or vomiting blood.","vomiting,indigestion,loss_of_appetite,passage_of_gases,internal_itching"
Peptic ulcer diseae,vomiting,indigestion,loss_of_appetite,abdominal_pain,internal_itching,,,,,,,,,,,,,36.1-37.2°C / 97-99°F,"Avoid NSAIDs, alcohol, and smoking, which worsen ulcers. Eat regular, smaller meals. See a doctor for testing (e.g., for H. pylori) and treatment; seek urgent care for black stools or vomiting blood.","vomiting,indigestion,loss_of_appetite,abdominal_pain,internal_itching"
Peptic ulcer diseae,vomiting,indigestion,loss_of_appetite,abdominal_pain,passage_of_gases,,,,,,,,,,,,,36.1-37.2°C / 97-99°F,"Avoid NSAIDs, alcohol, and smoking, which worsen ulcers. Eat regular, smaller meals. See a doctor for testing (e.g., for H. pylori) and treatment; seek urgent care for black stools or vomiting blood.","vomiting,indigestion,loss_of_appetite,abdominal_pain,passage_of_gases"
Peptic ulcer diseae,vomiting,indigestion,loss_of_appetite,abdominal_pain,passage_of_gases,internal_itching,,,,,,,,,,,,36.1-37.2°C / 97-99°F,"Avoid NSAIDs, alcohol, and smoking, which worsen ulcers. Eat regular, smaller meals. See a doctor for testing (e.g., for H. pylori) and treatment; seek urgent care for black stools or vomiting blood.","vomiting,indigestion,loss_of_appetite,abdominal_pain,passage_of_gases,internal_itching"
AIDS,muscle_wasting,patches_in_throat,high_fever,extra_marital_contacts,,,,,,,,,,,,,,37.5-40°C / 99.5-104°F,"This requires specialist medical care, including confirmatory testing and antiretroviral therapy (ART). Practice safe sex, avoid sharing needles, and maintain regular follow-up with an infectious disease specialist.","muscle_wasting,patches_in_throat,high_fever,extra_marital_contacts"
AIDS,patches_in_throat,high_fever,extra_marital_contacts,,,,,,,,,,,,,,,37.5-40°C / 99.5-104°F,"This requires specialist medical care, including confirmatory testing and antiretroviral therapy (ART). Practice safe sex, avoid sharing needles, and maintain regular follow-up with an infectious disease specialist.","patches_in_throat,high_fever,extra_marital_contacts"
AIDS,muscle_wasting,high_fever,extra_marital_contacts,,,,,,,,,,,,,,,37.5-40°C / 99.5-104°F,"This requires specialist medical care, including confirmatory testing and antiretroviral therapy (ART). Practice safe sex, avoid sharing needles, and maintain regular follow-up with an infectious disease specialist.","muscle_wasting,high_fever,extra_marital_contacts"
AIDS,muscle_wasting,patches_in_throat,extra_marital_contacts,,,,,,,,,,,,,,,37.5-40°C / 99.5-104°F,"This requires specialist medical care, including confirmatory testing and antiretroviral therapy (ART). Practice safe sex, avoid sharing needles, and maintain regular follow-up with an infectious disease specialist.","muscle_wasting,patches_in_throat,extra_marital_contacts"
AIDS,muscle_wasting,patches_in_throat,high_fever,,,,,,,,,,,,,,,37.5-40°C / 99.5-104°F,"This requires specialist medical care, including confirmatory testing and antiretroviral therapy (ART). Practice safe sex, avoid sharing needles, and maintain regular follow-up with an infectious disease specialist.","muscle_wasting,patches_in_throat,high_fever"
Diabetes,fatigue,weight_loss,restlessness,lethargy,irregular_sugar_level,blurred_and_distorted_vision,obesity,excessive_hunger,increased_appetite,polyuria,,,,,,,,36.1-37.2°C / 97-99°F,"Monitor blood glucose as directed, follow the prescribed meal and medication plan, stay active as advised, and seek care for very high or low glucose or warning symptoms.","fatigue,polyuria,weight_loss,restlessness,lethargy,irregular_sugar_level,blurred_and_distorted_vision,obesity,excessive_hunger,increased_appetite"
Diabetes,weight_loss,restlessness,lethargy,irregular_sugar_level,blurred_and_distorted_vision,obesity,excessive_hunger,increased_appetite,polyuria,,,,,,,,,36.1-37.2°C / 97-99°F,"Monitor blood glucose as directed, follow the prescribed meal and medication plan, stay active as advised, and seek care for very high or low glucose or warning symptoms.","weight_loss,restlessness,lethargy,irregular_sugar_level,blurred_and_distorted_vision,obesity,excessive_hunger,increased_appetite,polyuria"
Diabetes,fatigue,restlessness,lethargy,irregular_sugar_level,blurred_and_distorted_vision,obesity,excessive_hunger,increased_appetite,polyuria,,,,,,,,,36.1-37.2°C / 97-99°F,"Monitor blood glucose as directed, follow the prescribed meal and medication plan, stay active as advised, and seek care for very high or low glucose or warning symptoms.","fatigue,restlessness,lethargy,irregular_sugar_level,blurred_and_distorted_vision,obesity,excessive_hunger,increased_appetite,polyuria"
Diabetes,fatigue,weight_loss,lethargy,irregular_sugar_level,blurred_and_distorted_vision,obesity,excessive_hunger,increased_appetite,polyuria,,,,,,,,,36.1-37.2°C / 97-99°F,"Monitor blood glucose as directed, follow the prescribed meal and medication plan, stay active as advised, and seek care for very high or low glucose or warning symptoms.","fatigue,weight_loss,lethargy,irregular_sugar_level,blurred_and_distorted_vision,obesity,excessive_hunger,increased_appetite,polyuria"
Diabetes,fatigue,weight_loss,restlessness,irregular_sugar_level,blurred_and_distorted_vision,obesity,excessive_hunger,increased_appetite,polyuria,,,,,,,,,36.1-37.2°C / 97-99°F,"Monitor blood glucose as directed, follow the prescribed meal and medication plan, stay active as advised, and seek care for very high or low glucose or warning symptoms.","fatigue,weight_loss,restlessness,irregular_sugar_level,blurred_and_distorted_vision,obesity,excessive_hunger,increased_appetite,polyuria"
Diabetes,fatigue,weight_loss,restlessness,lethargy,blurred_and_distorted_vision,obesity,excessive_hunger,increased_appetite,polyuria,,,,,,,,,36.1-37.2°C / 97-99°F,"Monitor blood glucose as directed, follow the prescribed meal and medication plan, stay active as advised, and seek care for very high or low glucose or warning symptoms.","fatigue,weight_loss,restlessness,lethargy,blurred_and_distorted_vision,obesity,excessive_hunger,increased_appetite,polyuria"
Diabetes,fatigue,weight_loss,restlessness,lethargy,irregular_sugar_level,obesity,excessive_hunger,increased_appetite,polyuria,,,,,,,,,36.1-37.2°C / 97-99°F,"Monitor blood glucose as directed, follow the prescribed meal and medication plan, stay active as advised, and seek care for very high or low glucose or warning symptoms.","fatigue,weight_loss,restlessness,lethargy,irregular_sugar_level,obesity,excessive_hunger,increased_appetite,polyuria"
Diabetes,fatigue,weight_loss,restlessness,lethargy,irregular_sugar_level,blurred_and_distorted_vision,excessive_hunger,increased_appetite,polyuria,,,,,,,,,36.1-37.2°C / 97-99°F,"Monitor blood glucose as directed, follow the prescribed meal and medication plan, stay active as advised, and seek care for very high or low glucose or warning symptoms.","fatigue,weight_loss,restlessness,lethargy,irregular_sugar_level,blurred_and_distorted_vision,excessive_hunger,increased_appetite,polyuria"
Diabetes,fatigue,weight_loss,restlessness,lethargy,irregular_sugar_level,blurred_and_distorted_vision,obesity,increased_appetite,polyuria,,,,,,,,,36.1-37.2°C / 97-99°F,"Monitor blood glucose as directed, follow the prescribed meal and medication plan, stay active as advised, and seek care for very high or low glucose or warning symptoms.","fatigue,weight_loss,restlessness,lethargy,irregular_sugar_level,blurred_and_distorted_vision,obesity,increased_appetite,polyuria"
Gastroenteritis,vomiting,sunken_eyes,dehydration,diarrhoea,,,,,,,,,,,,,,37.5-39.0°C / 99.5-102.2°F,"Stay hydrated with oral rehydration solutions, eat bland foods as tolerated, and rest. Seek medical care if there is high fever, blood in stool, or signs of dehydration (dizziness, very little urination).","vomiting,sunken_eyes,dehydration,diarrhoea"
Gastroenteritis,sunken_eyes,dehydration,diarrhoea,,,,,,,,,,,,,,,37.5-39.0°C / 99.5-102.2°F,"Stay hydrated with oral rehydration solutions, eat bland foods as tolerated, and rest. Seek medical care if there is high fever, blood in stool, or signs of dehydration (dizziness, very little urination).","sunken_eyes,dehydration,diarrhoea"
Gastroenteritis,vomiting,dehydration,diarrhoea,,,,,,,,,,,,,,,37.5-39.0°C / 99.5-102.2°F,"Stay hydrated with oral rehydration solutions, eat bland foods as tolerated, and rest. Seek medical care if there is high fever, blood in stool, or signs of dehydration (dizziness, very little urination).","vomiting,dehydration,diarrhoea"
Gastroenteritis,vomiting,sunken_eyes,diarrhoea,,,,,,,,,,,,,,,37.5-39.0°C / 99.5-102.2°F,"Stay hydrated with oral rehydration solutions, eat bland foods as tolerated, and rest. Seek medical care if there is high fever, blood in stool, or signs of dehydration (dizziness, very little urination).","vomiting,sunken_eyes,diarrhoea"
Gastroenteritis,vomiting,sunken_eyes,dehydration,,,,,,,,,,,,,,,37.5-39.0°C / 99.5-102.2°F,"Stay hydrated with oral rehydration solutions, eat bland foods as tolerated, and rest. Seek medical care if there is high fever, blood in stool, or signs of dehydration (dizziness, very little urination).","vomiting,sunken_eyes,dehydration"
Bronchial Asthma,fatigue,cough,high_fever,breathlessness,family_history,mucoid_sputum,,,,,,,,,,,,36.1-37.2°C / 97-99°F,"Avoid known triggers (smoke, dust, allergens), use prescribed inhalers as directed, and keep a rescue inhaler accessible. Seek emergency care for severe breathlessness that doesn't improve with medication.","fatigue,cough,high_fever,breathlessness,family_history,mucoid_sputum"
Bronchial Asthma,cough,high_fever,breathlessness,family_history,mucoid_sputum,,,,,,,,,,,,,36.1-37.2°C / 97-99°F,"Avoid known triggers (smoke, dust, allergens), use prescribed inhalers as directed, and keep a rescue inhaler accessible. Seek emergency care for severe breathlessness that doesn't improve with medication.","cough,high_fever,breathlessness,family_history,mucoid_sputum"
Bronchial Asthma,fatigue,high_fever,breathlessness,family_history,mucoid_sputum,,,,,,,,,,,,,36.1-37.2°C / 97-99°F,"Avoid known triggers (smoke, dust, allergens), use prescribed inhalers as directed, and keep a rescue inhaler accessible. Seek emergency care for severe breathlessness that doesn't improve with medication.","fatigue,high_fever,breathlessness,family_history,mucoid_sputum"
Bronchial Asthma,fatigue,cough,breathlessness,family_history,mucoid_sputum,,,,,,,,,,,,,36.1-37.2°C / 97-99°F,"Avoid known triggers (smoke, dust, allergens), use prescribed inhalers as directed, and keep a rescue inhaler accessible. Seek emergency care for severe breathlessness that doesn't improve with medication.","fatigue,cough,breathlessness,family_history,mucoid_sputum"
Bronchial Asthma,fatigue,cough,high_fever,family_history,mucoid_sputum,,,,,,,,,,,,,36.1-37.2°C / 97-99°F,"Avoid known triggers (smoke, dust, allergens), use prescribed inhalers as directed, and keep a rescue inhaler accessible. Seek emergency care for severe breathlessness that doesn't improve with medication.","fatigue,cough,high_fever,family_history,mucoid_sputum"
Bronchial Asthma,fatigue,cough,high_fever,breathlessness,mucoid_sputum,,,,,,,,,,,,,36.1-37.2°C / 97-99°F,"Avoid known triggers (smoke, dust, allergens), use prescribed inhalers as directed, and keep a rescue inhaler accessible. Seek emergency care for severe breathlessness that doesn't improve with medication.","fatigue,cough,high_fever,breathlessness,mucoid_sputum"
Bronchial Asthma,fatigue,cough,high_fever,breathlessness,family_history,,,,,,,,,,,,,36.1-37.2°C / 97-99°F,"Avoid known triggers (smoke, dust, allergens), use prescribed inhalers as directed, and keep a rescue inhaler accessible. Seek emergency care for severe breathlessness that doesn't improve with medication.","fatigue,cough,high_fever,breathlessness,family_history"
Hypertension,headache,chest_pain,dizziness,loss_of_balance,lack_of_concentration,,,,,,,,,,,,,36.1-37.2°C / 97-99°F,"Check blood pressure regularly, take prescribed medicine consistently, limit salt, exercise as advised, and seek urgent care for chest pain, severe headache, weakness, or vision changes.","headache,chest_pain,dizziness,loss_of_balance,lack_of_concentration"
Hypertension,chest_pain,dizziness,loss_of_balance,lack_of_concentration,,,,,,,,,,,,,,36.1-37.2°C / 97-99°F,"Check blood pressure regularly, take prescribed medicine consistently, limit salt, exercise as advised, and seek urgent care for chest pain, severe headache, weakness, or vision changes.","chest_pain,dizziness,loss_of_balance,lack_of_concentration"
Hypertension,headache,dizziness,loss_of_balance,lack_of_concentration,,,,,,,,,,,,,,36.1-37.2°C / 97-99°F,"Check blood pressure regularly, take prescribed medicine consistently, limit salt, exercise as advised, and seek urgent care for chest pain, severe headache, weakness, or vision changes.","headache,dizziness,loss_of_balance,lack_of_concentration"
Hypertension,headache,chest_pain,loss_of_balance,lack_of_concentration,,,,,,,,,,,,,,36.1-37.2°C / 97-99°F,"Check blood pressure regularly, take prescribed medicine consistently, limit salt, exercise as advised, and seek urgent care for chest pain, severe headache, weakness, or vision changes.","headache,chest_pain,loss_of_balance,lack_of_concentration"
Hypertension,headache,chest_pain,dizziness,lack_of_concentration,,,,,,,,,,,,,,36.1-37.2°C / 97-99°F,"Check blood pressure regularly, take prescribed medicine consistently, limit salt, exercise as advised, and seek urgent care for chest pain, severe headache, weakness, or vision changes.","headache,chest_pain,dizziness,lack_of_concentration"
Hypertension,headache,chest_pain,dizziness,loss_of_balance,,,,,,,,,,,,,,36.1-37.2°C / 97-99°F,"Check blood pressure regularly, take prescribed medicine consistently, limit salt, exercise as advised, and seek urgent care for chest pain, severe headache, weakness, or vision changes.","headache,chest_pain,dizziness,loss_of_balance"
Migraine,acidity,indigestion,headache,blurred_and_distorted_vision,excessive_hunger,stiff_neck,depression,irritability,visual_disturbances,,,,,,,,,36.1-37.2°C / 97-99°F,"Identify and avoid personal triggers (certain foods, stress, lack of sleep). Rest in a quiet, dark room during an attack, stay hydrated, and use prescribed medication. See a doctor if attacks are frequent or severe.","acidity,indigestion,headache,blurred_and_distorted_vision,excessive_hunger,stiff_neck,depression,irritability,visual_disturbances"
Migraine,indigestion,headache,blurred_and_distorted_vision,excessive_hunger,stiff_neck,depression,irritability,visual_disturbances,,,,,,,,,,36.1-37.2°C / 97-99°F,"Identify and avoid personal triggers (certain foods, stress, lack of sleep). Rest in a quiet, dark room during an attack, stay hydrated, and use prescribed medication. See a doctor if attacks are frequent or severe.","indigestion,headache,blurred_and_distorted_vision,excessive_hunger,stiff_neck,depression,irritability,visual_disturbances"
Migraine,acidity,headache,blurred_and_distorted_vision,excessive_hunger,stiff_neck,depression,irritability,visual_disturbances,,,,,,,,,,36.1-37.2°C / 97-99°F,"Identify and avoid personal triggers (certain foods, stress, lack of sleep). Rest in a quiet, dark room during an attack, stay hydrated, and use prescribed medication. See a doctor if attacks are frequent or severe.","acidity,headache,blurred_and_distorted_vision,excessive_hunger,stiff_neck,depression,irritability,visual_disturbances"
Migraine,acidity,indigestion,blurred_and_distorted_vision,excessive_hunger,stiff_neck,depression,irritability,visual_disturbances,,,,,,,,,,36.1-37.2°C / 97-99°F,"Identify and avoid personal triggers (certain foods, stress, lack of sleep). Rest in a quiet, dark room during an attack, stay hydrated, and use prescribed medication. See a doctor if attacks are frequent or severe.","acidity,indigestion,blurred_and_distorted_vision,excessive_hunger,stiff_neck,depression,irritability,visual_disturbances"
Migraine,acidity,indigestion,headache,excessive_hunger,stiff_neck,depression,irritability,visual_disturbances,,,,,,,,,,36.1-37.2°C / 97-99°F,"Identify and avoid personal triggers (certain foods, stress, lack of sleep). Rest in a quiet, dark room during an attack, stay hydrated, and use prescribed medication. See a doctor if attacks are frequent or severe.","acidity,indigestion,headache,excessive_hunger,stiff_neck,depression,irritability,visual_disturbances"
Migraine,acidity,indigestion,headache,blurred_and_distorted_vision,stiff_neck,depression,irritability,visual_disturbances,,,,,,,,,,36.1-37.2°C / 97-99°F,"Identify and avoid personal triggers (certain foods, stress, lack of sleep). Rest in a quiet, dark room during an attack, stay hydrated, and use prescribed medication. See a doctor if attacks are frequent or severe.","acidity,indigestion,headache,blurred_and_distorted_vision,stiff_neck,depression,irritability,visual_disturbances"
Migraine,acidity,indigestion,headache,blurred_and_distorted_vision,excessive_hunger,depression,irritability,visual_disturbances,,,,,,,,,,36.1-37.2°C / 97-99°F,"Identify and avoid personal triggers (certain foods, stress, lack of sleep). Rest in a quiet, dark room during an attack, stay hydrated, and use prescribed medication. See a doctor if attacks are frequent or severe.","acidity,indigestion,headache,blurred_and_distorted_vision,excessive_hunger,depression,irritability,visual_disturbances"
Migraine,acidity,indigestion,headache,blurred_and_distorted_vision,excessive_hunger,stiff_neck,irritability,visual_disturbances,,,,,,,,,,36.1-37.2°C / 97-99°F,"Identify and avoid personal triggers (certain foods, stress, lack of sleep). Rest in a quiet, dark room during an attack, stay hydrated, and use prescribed medication. See a doctor if attacks are frequent or severe.","acidity,indigestion,headache,blurred_and_distorted_vision,excessive_hunger,stiff_neck,irritability,visual_disturbances"
Migraine,acidity,indigestion,headache,blurred_and_distorted_vision,excessive_hunger,stiff_neck,depression,visual_disturbances,,,,,,,,,,36.1-37.2°C / 97-99°F,"Identify and avoid personal triggers (certain foods, stress, lack of sleep). Rest in a quiet, dark room during an attack, stay hydrated, and use prescribed medication. See a doctor if attacks are frequent or severe.","acidity,indigestion,headache,blurred_and_distorted_vision,excessive_hunger,stiff_neck,depression,visual_disturbances"
Migraine,acidity,indigestion,headache,blurred_and_distorted_vision,excessive_hunger,stiff_neck,depression,irritability,,,,,,,,,,36.1-37.2°C / 97-99°F,"Identify and avoid personal triggers (certain foods, stress, lack of sleep). Rest in a quiet, dark room during an attack, stay hydrated, and use prescribed medication. See a doctor if attacks are frequent or severe.","acidity,indigestion,headache,blurred_and_distorted_vision,excessive_hunger,stiff_neck,depression,irritability"
Cervical spondylosis,back_pain,weakness_in_limbs,neck_pain,dizziness,loss_of_balance,,,,,,,,,,,,,36.1-37.2°C / 97-99°F,"Maintain good posture, use ergonomic support while sitting, and do gentle neck exercises/physiotherapy. Pain relief medication can help; see a doctor if there is numbness or weakness in the limbs.","back_pain,weakness_in_limbs,neck_pain,dizziness,loss_of_balance"
Cervical spondylosis,weakness_in_limbs,neck_pain,dizziness,loss_of_balance,,,,,,,,,,,,,,36.1-37.2°C / 97-99°F,"Maintain good posture, use ergonomic support while sitting, and do gentle neck exercises/physiotherapy. Pain relief medication can help; see a doctor if there is numbness or weakness in the limbs.","weakness_in_limbs,neck_pain,dizziness,loss_of_balance"
Cervical spondylosis,back_pain,neck_pain,dizziness,loss_of_balance,,,,,,,,,,,,,,36.1-37.2°C / 97-99°F,"Maintain good posture, use ergonomic support while sitting, and do gentle neck exercises/physiotherapy. Pain relief medication can help; see a doctor if there is numbness or weakness in the limbs.","back_pain,neck_pain,dizziness,loss_of_balance"
Cervical spondylosis,back_pain,weakness_in_limbs,dizziness,loss_of_balance,,,,,,,,,,,,,,36.1-37.2°C / 97-99°F,"Maintain good posture, use ergonomic support while sitting, and do gentle neck exercises/physiotherapy. Pain relief medication can help; see a doctor if there is numbness or weakness in the limbs.","back_pain,weakness_in_limbs,dizziness,loss_of_balance"
Cervical spondylosis,back_pain,weakness_in_limbs,neck_pain,loss_of_balance,,,,,,,,,,,,,,36.1-37.2°C / 97-99°F,"Maintain good posture, use ergonomic support while sitting, and do gentle neck exercises/physiotherapy. Pain relief medication can help; see a doctor if there is numbness or weakness in the limbs.","back_pain,weakness_in_limbs,neck_pain,loss_of_balance"
Cervical spondylosis,back_pain,weakness_in_limbs,neck_pain,dizziness,,,,,,,,,,,,,,36.1-37.2°C / 97-99°F,"Maintain good posture, use ergonomic support while sitting, and do gentle neck exercises/physiotherapy. Pain relief medication can help; see a doctor if there is numbness or weakness in the limbs.","back_pain,weakness_in_limbs,neck_pain,dizziness"
Paralysis (brain hemorrhage),vomiting,headache,weakness_of_one_body_side,altered_sensorium,,,,,,,,,,,,,,36.1-38°C / 97-100.4°F,This is a medical emergency — seek immediate emergency care. Do not delay; rapid treatment significantly affects recovery. Follow-up rehabilitation (physiotherapy) is important for regaining function.,"vomiting,headache,weakness_of_one_body_side,altered_sensorium"
Paralysis (brain hemorrhage),headache,weakness_of_one_body_side,altered_sensorium,,,,,,,,,,,,,,,36.1-38°C / 97-100.4°F,This is a medical emergency — seek immediate emergency care. Do not delay; rapid treatment significantly affects recovery. Follow-up rehabilitation (physiotherapy) is important for regaining function.,"headache,weakness_of_one_body_side,altered_sensorium"
Paralysis (brain hemorrhage),vomiting,weakness_of_one_body_side,altered_sensorium,,,,,,,,,,,,,,,36.1-38°C / 97-100.4°F,This is a medical emergency — seek immediate emergency care. Do not delay; rapid treatment significantly affects recovery. Follow-up rehabilitation (physiotherapy) is important for regaining function.,"vomiting,weakness_of_one_body_side,altered_sensorium"
Paralysis (brain hemorrhage),vomiting,headache,altered_sensorium,,,,,,,,,,,,,,,36.1-38°C / 97-100.4°F,This is a medical emergency — seek immediate emergency care. Do not delay; rapid treatment significantly affects recovery. Follow-up rehabilitation (physiotherapy) is important for regaining function.,"vomiting,headache,altered_sensorium"
Paralysis (brain hemorrhage),vomiting,headache,weakness_of_one_body_side,,,,,,,,,,,,,,,36.1-38°C / 97-100.4°F,This is a medical emergency — seek immediate emergency care. Do not delay; rapid treatment significantly affects recovery. Follow-up rehabilitation (physiotherapy) is important for regaining function.,"vomiting,headache,weakness_of_one_body_side"
Jaundice,itching,vomiting,fatigue,weight_loss,high_fever,yellowish_skin,dark_urine,abdominal_pain,,,,,,,,,,37.5-38.5°C / 99.5-101.3°F,"Rest, stay hydrated, and avoid alcohol and fatty foods to reduce strain on the liver. See a doctor promptly for the underlying cause (hepatitis, gallstones, etc.), especially if fever or severe pain occurs.","itching,vomiting,fatigue,weight_loss,high_fever,yellowish_skin,dark_urine,abdominal_pain"
Jaundice,vomiting,fatigue,weight_loss,high_fever,yellowish_skin,dark_urine,abdominal_pain,,,,,,,,,,,37.5-38.5°C / 99.5-101.3°F,"Rest, stay hydrated, and avoid alcohol and fatty foods to reduce strain on the liver. See a doctor promptly for the underlying cause (hepatitis, gallstones, etc.), especially if fever or severe pain occurs.","vomiting,fatigue,weight_loss,high_fever,yellowish_skin,dark_urine,abdominal_pain"
Jaundice,itching,fatigue,weight_loss,high_fever,yellowish_skin,dark_urine,abdominal_pain,,,,,,,,,,,37.5-38.5°C / 99.5-101.3°F,"Rest, stay hydrated, and avoid alcohol and fatty foods to reduce strain on the liver. See a doctor promptly for the underlying cause (hepatitis, gallstones, etc.), especially if fever or severe pain occurs.","itching,fatigue,weight_loss,high_fever,yellowish_skin,dark_urine,abdominal_pain"
Jaundice,itching,vomiting,weight_loss,high_fever,yellowish_skin,dark_urine,abdominal_pain,,,,,,,,,,,37.5-38.5°C / 99.5-101.3°F,"Rest, stay hydrated, and avoid alcohol and fatty foods to reduce strain on the liver. See a doctor promptly for the underlying cause (hepatitis, gallstones, etc.), especially if fever or severe pain occurs.","itching,vomiting,weight_loss,high_fever,yellowish_skin,dark_urine,abdominal_pain"
Jaundice,itching,vomiting,fatigue,high_fever,yellowish_skin,dark_urine,abdominal_pain,,,,,,,,,,,37.5-38.5°C / 99.5-101.3°F,"Rest, stay hydrated, and avoid alcohol and fatty foods to reduce strain on the liver. See a doctor promptly for the underlying cause (hepatitis, gallstones, etc.), especially if fever or severe pain occurs.","itching,vomiting,fatigue,high_fever,yellowish_skin,dark_urine,abdominal_pain"
Jaundice,itching,vomiting,fatigue,weight_loss,yellowish_skin,dark_urine,abdominal_pain,,,,,,,,,,,37.5-38.5°C / 99.5-101.3°F,"Rest, stay hydrated, and avoid alcohol and fatty foods to reduce strain on the liver. See a doctor promptly for the underlying cause (hepatitis, gallstones, etc.), especially if fever or severe pain occurs.","itching,vomiting,fatigue,weight_loss,yellowish_skin,dark_urine,abdominal_pain"
Jaundice,itching,vomiting,fatigue,weight_loss,high_fever,dark_urine,abdominal_pain,,,,,,,,,,,37.5-38.5°C / 99.5-101.3°F,"Rest, stay hydrated, and avoid alcohol and fatty foods to reduce strain on the liver. See a doctor promptly for the underlying cause (hepatitis, gallstones, etc.), especially if fever or severe pain occurs.","itching,vomiting,fatigue,weight_loss,high_fever,dark_urine,abdominal_pain"
Jaundice,itching,vomiting,fatigue,weight_loss,high_fever,yellowish_skin,abdominal_pain,,,,,,,,,,,37.5-38.5°C / 99.5-101.3°F,"Rest, stay hydrated, and avoid alcohol and fatty foods to reduce strain on the liver. See a doctor promptly for the underlying cause (hepatitis, gallstones, etc.), especially if fever or severe pain occurs.","itching,vomiting,fatigue,weight_loss,high_fever,yellowish_skin,abdominal_pain"
Jaundice,itching,vomiting,fatigue,weight_loss,high_fever,yellowish_skin,dark_urine,,,,,,,,,,,37.5-38.5°C / 99.5-101.3°F,"Rest, stay hydrated, and avoid alcohol and fatty foods to reduce strain on the liver. See a doctor promptly for the underlying cause (hepatitis, gallstones, etc.), especially if fever or severe pain occurs.","itching,vomiting,fatigue,weight_loss,high_fever,yellowish_skin,dark_urine"
Malaria,chills,vomiting,high_fever,sweating,headache,nausea,muscle_pain,,,,,,,,,,,39.0-41.0°C / 102.2-105.8°F,"Seek prompt medical treatment with antimalarial medication — do not self-treat. Use mosquito nets and repellents to prevent further infection. Get emergency care if there is confusion, seizures, or severe weakness.","chills,vomiting,high_fever,sweating,headache,nausea,muscle_pain"
Malaria,chills,vomiting,high_fever,sweating,headache,nausea,diarrhoea,muscle_pain,,,,,,,,,,39.0-41.0°C / 102.2-105.8°F,"Seek prompt medical treatment with antimalarial medication — do not self-treat. Use mosquito nets and repellents to prevent further infection. Get emergency care if there is confusion, seizures, or severe weakness.","chills,vomiting,high_fever,sweating,headache,nausea,diarrhoea,muscle_pain"
Malaria,vomiting,high_fever,sweating,headache,nausea,diarrhoea,muscle_pain,,,,,,,,,,,39.0-41.0°C / 102.2-105.8°F,"Seek prompt medical treatment with antimalarial medication — do not self-treat. Use mosquito nets and repellents to prevent further infection. Get emergency care if there is confusion, seizures, or severe weakness.","vomiting,high_fever,sweating,headache,nausea,diarrhoea,muscle_pain"
Malaria,chills,high_fever,sweating,headache,nausea,diarrhoea,muscle_pain,,,,,,,,,,,39.0-41.0°C / 102.2-105.8°F,"Seek prompt medical treatment with antimalarial medication — do not self-treat. Use mosquito nets and repellents to prevent further infection. Get emergency care if there is confusion, seizures, or severe weakness.","chills,high_fever,sweating,headache,nausea,diarrhoea,muscle_pain"
Malaria,chills,vomiting,sweating,headache,nausea,diarrhoea,muscle_pain,,,,,,,,,,,39.0-41.0°C / 102.2-105.8°F,"Seek prompt medical treatment with antimalarial medication — do not self-treat. Use mosquito nets and repellents to prevent further infection. Get emergency care if there is confusion, seizures, or severe weakness.","chills,vomiting,sweating,headache,nausea,diarrhoea,muscle_pain"
Malaria,chills,vomiting,high_fever,headache,nausea,diarrhoea,muscle_pain,,,,,,,,,,,39.0-41.0°C / 102.2-105.8°F,"Seek prompt medical treatment with antimalarial medication — do not self-treat. Use mosquito nets and repellents to prevent further infection. Get emergency care if there is confusion, seizures, or severe weakness.","chills,vomiting,high_fever,headache,nausea,diarrhoea,muscle_pain"
Malaria,chills,vomiting,high_fever,sweating,nausea,diarrhoea,muscle_pain,,,,,,,,,,,39.0-41.0°C / 102.2-105.8°F,"Seek prompt medical treatment with antimalarial medication — do not self-treat. Use mosquito nets and repellents to prevent further infection. Get emergency care if there is confusion, seizures, or severe weakness.","chills,vomiting,high_fever,sweating,nausea,diarrhoea,muscle_pain"
Malaria,chills,vomiting,high_fever,sweating,headache,diarrhoea,muscle_pain,,,,,,,,,,,39.0-41.0°C / 102.2-105.8°F,"Seek prompt medical treatment with antimalarial medication — do not self-treat. Use mosquito nets and repellents to prevent further infection. Get emergency care if there is confusion, seizures, or severe weakness.","chills,vomiting,high_fever,sweating,headache,diarrhoea,muscle_pain"
Chicken pox,itching,skin_rash,fatigue,lethargy,high_fever,headache,loss_of_appetite,mild_fever,swelled_lymph_nodes,malaise,red_spots_over_body,,,,,,,38.0-39.0°C / 100.4-102.2°F,"Isolate to avoid spreading to others, keep skin clean, and avoid scratching to prevent scarring/infection. Use calamine lotion or antihistamines for itching. See a doctor if fever is very high or breathing becomes difficult.","itching,malaise,red_spots_over_body,skin_rash,fatigue,lethargy,high_fever,headache,loss_of_appetite,mild_fever,swelled_lymph_nodes"
Chicken pox,skin_rash,fatigue,lethargy,high_fever,headache,loss_of_appetite,mild_fever,swelled_lymph_nodes,malaise,red_spots_over_body,,,,,,,,38.0-39.0°C / 100.4-102.2°F,"Isolate to avoid spreading to others, keep skin clean, and avoid scratching to prevent scarring/infection. Use calamine lotion or antihistamines for itching. See a doctor if fever is very high or breathing becomes difficult.","skin_rash,red_spots_over_body,fatigue,lethargy,high_fever,headache,loss_of_appetite,mild_fever,swelled_lymph_nodes,malaise"
Chicken pox,itching,fatigue,lethargy,high_fever,headache,loss_of_appetite,mild_fever,swelled_lymph_nodes,malaise,red_spots_over_body,,,,,,,,38.0-39.0°C / 100.4-102.2°F,"Isolate to avoid spreading to others, keep skin clean, and avoid scratching to prevent scarring/infection. Use calamine lotion or antihistamines for itching. See a doctor if fever is very high or breathing becomes difficult.","itching,red_spots_over_body,fatigue,lethargy,high_fever,headache,loss_of_appetite,mild_fever,swelled_lymph_nodes,malaise"
Chicken pox,itching,skin_rash,lethargy,high_fever,headache,loss_of_appetite,mild_fever,swelled_lymph_nodes,malaise,red_spots_over_body,,,,,,,,38.0-39.0°C / 100.4-102.2°F,"Isolate to avoid spreading to others, keep skin clean, and avoid scratching to prevent scarring/infection. Use calamine lotion or antihistamines for itching. See a doctor if fever is very high or breathing becomes difficult.","itching,red_spots_over_body,skin_rash,lethargy,high_fever,headache,loss_of_appetite,mild_fever,swelled_lymph_nodes,malaise"
Chicken pox,itching,skin_rash,fatigue,high_fever,headache,loss_of_appetite,mild_fever,swelled_lymph_nodes,malaise,red_spots_over_body,,,,,,,,38.0-39.0°C / 100.4-102.2°F,"Isolate to avoid spreading to others, keep skin clean, and avoid scratching to prevent scarring/infection. Use calamine lotion or antihistamines for itching. See a doctor if fever is very high or breathing becomes difficult.","itching,red_spots_over_body,skin_rash,fatigue,high_fever,headache,loss_of_appetite,mild_fever,swelled_lymph_nodes,malaise"
Chicken pox,itching,skin_rash,fatigue,lethargy,headache,loss_of_appetite,mild_fever,swelled_lymph_nodes,malaise,red_spots_over_body,,,,,,,,38.0-39.0°C / 100.4-102.2°F,"Isolate to avoid spreading to others, keep skin clean, and avoid scratching to prevent scarring/infection. Use calamine lotion or antihistamines for itching. See a doctor if fever is very high or breathing becomes difficult.","itching,red_spots_over_body,skin_rash,fatigue,lethargy,headache,loss_of_appetite,mild_fever,swelled_lymph_nodes,malaise"
Chicken pox,itching,skin_rash,fatigue,lethargy,high_fever,loss_of_appetite,mild_fever,swelled_lymph_nodes,malaise,red_spots_over_body,,,,,,,,38.0-39.0°C / 100.4-102.2°F,"Isolate to avoid spreading to others, keep skin clean, and avoid scratching to prevent scarring/infection. Use calamine lotion or antihistamines for itching. See a doctor if fever is very high or breathing becomes difficult.","itching,red_spots_over_body,skin_rash,fatigue,lethargy,high_fever,loss_of_appetite,mild_fever,swelled_lymph_nodes,malaise"
Chicken pox,itching,skin_rash,fatigue,lethargy,high_fever,headache,mild_fever,swelled_lymph_nodes,malaise,red_spots_over_body,,,,,,,,38.0-39.0°C / 100.4-102.2°F,"Isolate to avoid spreading to others, keep skin clean, and avoid scratching to prevent scarring/infection. Use calamine lotion or antihistamines for itching. See a doctor if fever is very high or breathing becomes difficult.","itching,red_spots_over_body,skin_rash,fatigue,lethargy,high_fever,headache,mild_fever,swelled_lymph_nodes,malaise"
Chicken pox,itching,skin_rash,fatigue,lethargy,high_fever,headache,loss_of_appetite,swelled_lymph_nodes,malaise,red_spots_over_body,,,,,,,,38.0-39.0°C / 100.4-102.2°F,"Isolate to avoid spreading to others, keep skin clean, and avoid scratching to prevent scarring/infection. Use calamine lotion or antihistamines for itching. See a doctor if fever is very high or breathing becomes difficult.","itching,red_spots_over_body,skin_rash,fatigue,lethargy,high_fever,headache,loss_of_appetite,swelled_lymph_nodes,malaise"
Chicken pox,itching,skin_rash,fatigue,lethargy,high_fever,headache,loss_of_appetite,mild_fever,malaise,red_spots_over_body,,,,,,,,38.0-39.0°C / 100.4-102.2°F,"Isolate to avoid spreading to others, keep skin clean, and avoid scratching to prevent scarring/infection. Use calamine lotion or antihistamines for itching. See a doctor if fever is very high or breathing becomes difficult.","itching,red_spots_over_body,skin_rash,fatigue,lethargy,high_fever,headache,loss_of_appetite,mild_fever,malaise"
Dengue,skin_rash,chills,joint_pain,vomiting,fatigue,high_fever,headache,nausea,loss_of_appetite,pain_behind_the_eyes,back_pain,muscle_pain,red_spots_over_body,,,,,39.0-40.5°C / 102.2-104.9°F,"Rest, stay well hydrated, and use paracetamol (not aspirin/ibuprofen) for fever/pain to reduce bleeding risk. Monitor for warning signs (severe abdominal pain, bleeding, persistent vomiting) and seek urgent care if they appear.","skin_rash,pain_behind_the_eyes,back_pain,muscle_pain,red_spots_over_body,chills,joint_pain,vomiting,fatigue,high_fever,headache,nausea,loss_of_appetite"
Dengue,skin_rash,chills,joint_pain,vomiting,fatigue,high_fever,headache,nausea,loss_of_appetite,pain_behind_the_eyes,back_pain,malaise,red_spots_over_body,,,,,39.0-40.5°C / 102.2-104.9°F,"Rest, stay well hydrated, and use paracetamol (not aspirin/ibuprofen) for fever/pain to reduce bleeding risk. Monitor for warning signs (severe abdominal pain, bleeding, persistent vomiting) and seek urgent care if they appear.","skin_rash,pain_behind_the_eyes,back_pain,malaise,red_spots_over_body,chills,joint_pain,vomiting,fatigue,high_fever,headache,nausea,loss_of_appetite"
Dengue,skin_rash,chills,joint_pain,vomiting,fatigue,high_fever,headache,nausea,loss_of_appetite,pain_behind_the_eyes,back_pain,malaise,muscle_pain,,,,,39.0-40.5°C / 102.2-104.9°F,"Rest, stay well hydrated, and use paracetamol (not aspirin/ibuprofen) for fever/pain to reduce bleeding risk. Monitor for warning signs (severe abdominal pain, bleeding, persistent vomiting) and seek urgent care if they appear.","skin_rash,pain_behind_the_eyes,back_pain,malaise,muscle_pain,chills,joint_pain,vomiting,fatigue,high_fever,headache,nausea,loss_of_appetite"
Dengue,skin_rash,chills,joint_pain,vomiting,fatigue,high_fever,headache,nausea,loss_of_appetite,pain_behind_the_eyes,back_pain,malaise,muscle_pain,red_spots_over_body,,,,39.0-40.5°C / 102.2-104.9°F,"Rest, stay well hydrated, and use paracetamol (not aspirin/ibuprofen) for fever/pain to reduce bleeding risk. Monitor for warning signs (severe abdominal pain, bleeding, persistent vomiting) and seek urgent care if they appear.","skin_rash,pain_behind_the_eyes,back_pain,malaise,muscle_pain,red_spots_over_body,chills,joint_pain,vomiting,fatigue,high_fever,headache,nausea,loss_of_appetite"
Dengue,chills,joint_pain,vomiting,fatigue,high_fever,headache,nausea,loss_of_appetite,pain_behind_the_eyes,back_pain,malaise,muscle_pain,red_spots_over_body,,,,,39.0-40.5°C / 102.2-104.9°F,"Rest, stay well hydrated, and use paracetamol (not aspirin/ibuprofen) for fever/pain to reduce bleeding risk. Monitor for warning signs (severe abdominal pain, bleeding, persistent vomiting) and seek urgent care if they appear.","chills,back_pain,malaise,muscle_pain,red_spots_over_body,joint_pain,vomiting,fatigue,high_fever,headache,nausea,loss_of_appetite,pain_behind_the_eyes"
Dengue,skin_rash,joint_pain,vomiting,fatigue,high_fever,headache,nausea,loss_of_appetite,pain_behind_the_eyes,back_pain,malaise,muscle_pain,red_spots_over_body,,,,,39.0-40.5°C / 102.2-104.9°F,"Rest, stay well hydrated, and use paracetamol (not aspirin/ibuprofen) for fever/pain to reduce bleeding risk. Monitor for warning signs (severe abdominal pain, bleeding, persistent vomiting) and seek urgent care if they appear.","skin_rash,back_pain,malaise,muscle_pain,red_spots_over_body,joint_pain,vomiting,fatigue,high_fever,headache,nausea,loss_of_appetite,pain_behind_the_eyes"
Dengue,skin_rash,chills,vomiting,fatigue,high_fever,headache,nausea,loss_of_appetite,pain_behind_the_eyes,back_pain,malaise,muscle_pain,red_spots_over_body,,,,,39.0-40.5°C / 102.2-104.9°F,"Rest, stay well hydrated, and use paracetamol (not aspirin/ibuprofen) for fever/pain to reduce bleeding risk. Monitor for warning signs (severe abdominal pain, bleeding, persistent vomiting) and seek urgent care if they appear.","skin_rash,back_pain,malaise,muscle_pain,red_spots_over_body,chills,vomiting,fatigue,high_fever,headache,nausea,loss_of_appetite,pain_behind_the_eyes"
Dengue,skin_rash,chills,joint_pain,fatigue,high_fever,headache,nausea,loss_of_appetite,pain_behind_the_eyes,back_pain,malaise,muscle_pain,red_spots_over_body,,,,,39.0-40.5°C / 102.2-104.9°F,"Rest, stay well hydrated, and use paracetamol (not aspirin/ibuprofen) for fever/pain to reduce bleeding risk. Monitor for warning signs (severe abdominal pain, bleeding, persistent vomiting) and seek urgent care if they appear.","skin_rash,back_pain,malaise,muscle_pain,red_spots_over_body,chills,joint_pain,fatigue,high_fever,headache,nausea,loss_of_appetite,pain_behind_the_eyes"
Dengue,skin_rash,chills,joint_pain,vomiting,high_fever,headache,nausea,loss_of_appetite,pain_behind_the_eyes,back_pain,malaise,muscle_pain,red_spots_over_body,,,,,39.0-40.5°C / 102.2-104.9°F,"Rest, stay well hydrated, and use paracetamol (not aspirin/ibuprofen) for fever/pain to reduce bleeding risk. Monitor for warning signs (severe abdominal pain, bleeding, persistent vomiting) and seek urgent care if they appear.","skin_rash,back_pain,malaise,muscle_pain,red_spots_over_body,chills,joint_pain,vomiting,high_fever,headache,nausea,loss_of_appetite,pain_behind_the_eyes"
Dengue,skin_rash,chills,joint_pain,vomiting,fatigue,headache,nausea,loss_of_appetite,pain_behind_the_eyes,back_pain,malaise,muscle_pain,red_spots_over_body,,,,,39.0-40.5°C / 102.2-104.9°F,"Rest, stay well hydrated, and use paracetamol (not aspirin/ibuprofen) for fever/pain to reduce bleeding risk. Monitor for warning signs (severe abdominal pain, bleeding, persistent vomiting) and seek urgent care if they appear.","skin_rash,back_pain,malaise,muscle_pain,red_spots_over_body,chills,joint_pain,vomiting,fatigue,headache,nausea,loss_of_appetite,pain_behind_the_eyes"
Typhoid,chills,vomiting,fatigue,high_fever,nausea,constipation,abdominal_pain,diarrhoea,toxic_look_(typhos),belly_pain,,,,,,,,39.0-40.5°C / 102.2-104.9°F,"Complete the full course of prescribed antibiotics, stay hydrated, and eat easily digestible food. Practice good hand hygiene to avoid spreading it. Seek medical care promptly, especially with persistent high fever.","chills,belly_pain,vomiting,fatigue,high_fever,nausea,constipation,abdominal_pain,diarrhoea,toxic_look_(typhos)"
Typhoid,chills,vomiting,fatigue,high_fever,headache,constipation,abdominal_pain,diarrhoea,toxic_look_(typhos),belly_pain,,,,,,,,39.0-40.5°C / 102.2-104.9°F,"Complete the full course of prescribed antibiotics, stay hydrated, and eat easily digestible food. Practice good hand hygiene to avoid spreading it. Seek medical care promptly, especially with persistent high fever.","chills,belly_pain,vomiting,fatigue,high_fever,headache,constipation,abdominal_pain,diarrhoea,toxic_look_(typhos)"
Typhoid,chills,vomiting,fatigue,high_fever,headache,nausea,abdominal_pain,diarrhoea,toxic_look_(typhos),belly_pain,,,,,,,,39.0-40.5°C / 102.2-104.9°F,"Complete the full course of prescribed antibiotics, stay hydrated, and eat easily digestible food. Practice good hand hygiene to avoid spreading it. Seek medical care promptly, especially with persistent high fever.","chills,belly_pain,vomiting,fatigue,high_fever,headache,nausea,abdominal_pain,diarrhoea,toxic_look_(typhos)"
Typhoid,chills,vomiting,fatigue,high_fever,headache,nausea,constipation,diarrhoea,toxic_look_(typhos),belly_pain,,,,,,,,39.0-40.5°C / 102.2-104.9°F,"Complete the full course of prescribed antibiotics, stay hydrated, and eat easily digestible food. Practice good hand hygiene to avoid spreading it. Seek medical care promptly, especially with persistent high fever.","chills,belly_pain,vomiting,fatigue,high_fever,headache,nausea,constipation,diarrhoea,toxic_look_(typhos)"
Typhoid,chills,vomiting,fatigue,high_fever,headache,nausea,constipation,abdominal_pain,toxic_look_(typhos),belly_pain,,,,,,,,39.0-40.5°C / 102.2-104.9°F,"Complete the full course of prescribed antibiotics, stay hydrated, and eat easily digestible food. Practice good hand hygiene to avoid spreading it. Seek medical care promptly, especially with persistent high fever.","chills,belly_pain,vomiting,fatigue,high_fever,headache,nausea,constipation,abdominal_pain,toxic_look_(typhos)"
Typhoid,chills,vomiting,fatigue,high_fever,headache,nausea,constipation,abdominal_pain,diarrhoea,belly_pain,,,,,,,,39.0-40.5°C / 102.2-104.9°F,"Complete the full course of prescribed antibiotics, stay hydrated, and eat easily digestible food. Practice good hand hygiene to avoid spreading it. Seek medical care promptly, especially with persistent high fever.","chills,belly_pain,vomiting,fatigue,high_fever,headache,nausea,constipation,abdominal_pain,diarrhoea"
Typhoid,chills,vomiting,fatigue,high_fever,headache,nausea,constipation,abdominal_pain,diarrhoea,toxic_look_(typhos),,,,,,,,39.0-40.5°C / 102.2-104.9°F,"Complete the full course of prescribed antibiotics, stay hydrated, and eat easily digestible food. Practice good hand hygiene to avoid spreading it. Seek medical care promptly, especially with persistent high fever.","chills,toxic_look_(typhos),vomiting,fatigue,high_fever,headache,nausea,constipation,abdominal_pain,diarrhoea"
Typhoid,chills,vomiting,fatigue,high_fever,headache,nausea,constipation,abdominal_pain,diarrhoea,toxic_look_(typhos),belly_pain,,,,,,,39.0-40.5°C / 102.2-104.9°F,"Complete the full course of prescribed antibiotics, stay hydrated, and eat easily digestible food. Practice good hand hygiene to avoid spreading it. Seek medical care promptly, especially with persistent high fever.","chills,toxic_look_(typhos),belly_pain,vomiting,fatigue,high_fever,headache,nausea,constipation,abdominal_pain,diarrhoea"
Typhoid,chills,fatigue,high_fever,headache,nausea,constipation,abdominal_pain,diarrhoea,toxic_look_(typhos),belly_pain,,,,,,,,39.0-40.5°C / 102.2-104.9°F,"Complete the full course of prescribed antibiotics, stay hydrated, and eat easily digestible food. Practice good hand hygiene to avoid spreading it. Seek medical care promptly, especially with persistent high fever.","chills,belly_pain,fatigue,high_fever,headache,nausea,constipation,abdominal_pain,diarrhoea,toxic_look_(typhos)"
hepatitis A,joint_pain,vomiting,yellowish_skin,dark_urine,nausea,loss_of_appetite,abdominal_pain,diarrhoea,mild_fever,yellowing_of_eyes,muscle_pain,,,,,,,37.5-38.5°C / 99.5-101.3°F,"Rest, stay hydrated, and avoid alcohol. It usually resolves on its own, but see a doctor for monitoring. Practice good hand hygiene and food/water safety to prevent spreading or reinfection.","joint_pain,yellowing_of_eyes,muscle_pain,vomiting,yellowish_skin,dark_urine,nausea,loss_of_appetite,abdominal_pain,diarrhoea,mild_fever"
hepatitis A,vomiting,yellowish_skin,dark_urine,nausea,loss_of_appetite,abdominal_pain,diarrhoea,mild_fever,yellowing_of_eyes,muscle_pain,,,,,,,,37.5-38.5°C / 99.5-101.3°F,"Rest, stay hydrated, and avoid alcohol. It usually resolves on its own, but see a doctor for monitoring. Practice good hand hygiene and food/water safety to prevent spreading or reinfection.","vomiting,muscle_pain,yellowish_skin,dark_urine,nausea,loss_of_appetite,abdominal_pain,diarrhoea,mild_fever,yellowing_of_eyes"
hepatitis A,joint_pain,yellowish_skin,dark_urine,nausea,loss_of_appetite,abdominal_pain,diarrhoea,mild_fever,yellowing_of_eyes,muscle_pain,,,,,,,,37.5-38.5°C / 99.5-101.3°F,"Rest, stay hydrated, and avoid alcohol. It usually resolves on its own, but see a doctor for monitoring. Practice good hand hygiene and food/water safety to prevent spreading or reinfection.","joint_pain,muscle_pain,yellowish_skin,dark_urine,nausea,loss_of_appetite,abdominal_pain,diarrhoea,mild_fever,yellowing_of_eyes"
hepatitis A,joint_pain,vomiting,dark_urine,nausea,loss_of_appetite,abdominal_pain,diarrhoea,mild_fever,yellowing_of_eyes,muscle_pain,,,,,,,,37.5-38.5°C / 99.5-101.3°F,"Rest, stay hydrated, and avoid alcohol. It usually resolves on its own, but see a doctor for monitoring. Practice good hand hygiene and food/water safety to prevent spreading or reinfection.","joint_pain,muscle_pain,vomiting,dark_urine,nausea,loss_of_appetite,abdominal_pain,diarrhoea,mild_fever,yellowing_of_eyes"
hepatitis A,joint_pain,vomiting,yellowish_skin,nausea,loss_of_appetite,abdominal_pain,diarrhoea,mild_fever,yellowing_of_eyes,muscle_pain,,,,,,,,37.5-38.5°C / 99.5-101.3°F,"Rest, stay hydrated, and avoid alcohol. It usually resolves on its own, but see a doctor for monitoring. Practice good hand hygiene and food/water safety to prevent spreading or reinfection.","joint_pain,muscle_pain,vomiting,yellowish_skin,nausea,loss_of_appetite,abdominal_pain,diarrhoea,mild_fever,yellowing_of_eyes"
hepatitis A,joint_pain,vomiting,yellowish_skin,dark_urine,loss_of_appetite,abdominal_pain,diarrhoea,mild_fever,yellowing_of_eyes,muscle_pain,,,,,,,,37.5-38.5°C / 99.5-101.3°F,"Rest, stay hydrated, and avoid alcohol. It usually resolves on its own, but see a doctor for monitoring. Practice good hand hygiene and food/water safety to prevent spreading or reinfection.","joint_pain,muscle_pain,vomiting,yellowish_skin,dark_urine,loss_of_appetite,abdominal_pain,diarrhoea,mild_fever,yellowing_of_eyes"
hepatitis A,joint_pain,vomiting,yellowish_skin,dark_urine,nausea,abdominal_pain,diarrhoea,mild_fever,yellowing_of_eyes,muscle_pain,,,,,,,,37.5-38.5°C / 99.5-101.3°F,"Rest, stay hydrated, and avoid alcohol. It usually resolves on its own, but see a doctor for monitoring. Practice good hand hygiene and food/water safety to prevent spreading or reinfection.","joint_pain,muscle_pain,vomiting,yellowish_skin,dark_urine,nausea,abdominal_pain,diarrhoea,mild_fever,yellowing_of_eyes"
hepatitis A,joint_pain,vomiting,yellowish_skin,dark_urine,nausea,loss_of_appetite,diarrhoea,mild_fever,yellowing_of_eyes,muscle_pain,,,,,,,,37.5-38.5°C / 99.5-101.3°F,"Rest, stay hydrated, and avoid alcohol. It usually resolves on its own, but see a doctor for monitoring. Practice good hand hygiene and food/water safety to prevent spreading or reinfection.","joint_pain,muscle_pain,vomiting,yellowish_skin,dark_urine,nausea,loss_of_appetite,diarrhoea,mild_fever,yellowing_of_eyes"
hepatitis A,joint_pain,vomiting,yellowish_skin,dark_urine,nausea,loss_of_appetite,abdominal_pain,mild_fever,yellowing_of_eyes,muscle_pain,,,,,,,,37.5-38.5°C / 99.5-101.3°F,"Rest, stay hydrated, and avoid alcohol. It usually resolves on its own, but see a doctor for monitoring. Practice good hand hygiene and food/water safety to prevent spreading or reinfection.","joint_pain,muscle_pain,vomiting,yellowish_skin,dark_urine,nausea,loss_of_appetite,abdominal_pain,mild_fever,yellowing_of_eyes"
Hepatitis B,itching,fatigue,lethargy,yellowish_skin,dark_urine,loss_of_appetite,abdominal_pain,yellow_urine,yellowing_of_eyes,malaise,receiving_blood_transfusion,receiving_unsterile_injections,,,,,,37.5-38.5°C / 99.5-101.3°F,See a doctor for antiviral treatment and monitoring; avoid alcohol. Practice safe sex and avoid sharing needles/personal items to prevent transmission. Family members should be screened and vaccinated if not immune.,"itching,malaise,receiving_blood_transfusion,receiving_unsterile_injections,fatigue,lethargy,yellowish_skin,dark_urine,loss_of_appetite,abdominal_pain,yellow_urine,yellowing_of_eyes"
Hepatitis B,fatigue,lethargy,yellowish_skin,dark_urine,loss_of_appetite,abdominal_pain,yellow_urine,yellowing_of_eyes,malaise,receiving_blood_transfusion,receiving_unsterile_injections,,,,,,,37.5-38.5°C / 99.5-101.3°F,See a doctor for antiviral treatment and monitoring; avoid alcohol. Practice safe sex and avoid sharing needles/personal items to prevent transmission. Family members should be screened and vaccinated if not immune.,"fatigue,receiving_blood_transfusion,receiving_unsterile_injections,lethargy,yellowish_skin,dark_urine,loss_of_appetite,abdominal_pain,yellow_urine,yellowing_of_eyes,malaise"
Hepatitis B,itching,lethargy,yellowish_skin,dark_urine,loss_of_appetite,abdominal_pain,yellow_urine,yellowing_of_eyes,malaise,receiving_blood_transfusion,receiving_unsterile_injections,,,,,,,37.5-38.5°C / 99.5-101.3°F,See a doctor for antiviral treatment and monitoring; avoid alcohol. Practice safe sex and avoid sharing needles/personal items to prevent transmission. Family members should be screened and vaccinated if not immune.,"itching,receiving_blood_transfusion,receiving_unsterile_injections,lethargy,yellowish_skin,dark_urine,loss_of_appetite,abdominal_pain,yellow_urine,yellowing_of_eyes,malaise"
Hepatitis B,itching,fatigue,yellowish_skin,dark_urine,loss_of_appetite,abdominal_pain,yellow_urine,yellowing_of_eyes,malaise,receiving_blood_transfusion,receiving_unsterile_injections,,,,,,,37.5-38.5°C / 99.5-101.3°F,See a doctor for antiviral treatment and monitoring; avoid alcohol. Practice safe sex and avoid sharing needles/personal items to prevent transmission. Family members should be screened and vaccinated if not immune.,"itching,receiving_blood_transfusion,receiving_unsterile_injections,fatigue,yellowish_skin,dark_urine,loss_of_appetite,abdominal_pain,yellow_urine,yellowing_of_eyes,malaise"
Hepatitis B,itching,fatigue,lethargy,dark_urine,loss_of_appetite,abdominal_pain,yellow_urine,yellowing_of_eyes,malaise,receiving_blood_transfusion,receiving_unsterile_injections,,,,,,,37.5-38.5°C / 99.5-101.3°F,See a doctor for antiviral treatment and monitoring; avoid alcohol. Practice safe sex and avoid sharing needles/personal items to prevent transmission. Family members should be screened and vaccinated if not immune.,"itching,receiving_blood_transfusion,receiving_unsterile_injections,fatigue,lethargy,dark_urine,loss_of_appetite,abdominal_pain,yellow_urine,yellowing_of_eyes,malaise"
Hepatitis B,itching,fatigue,lethargy,yellowish_skin,loss_of_appetite,abdominal_pain,yellow_urine,yellowing_of_eyes,malaise,receiving_blood_transfusion,receiving_unsterile_injections,,,,,,,37.5-38.5°C / 99.5-101.3°F,See a doctor for antiviral treatment and monitoring; avoid alcohol. Practice safe sex and avoid sharing needles/personal items to prevent transmission. Family members should be screened and vaccinated if not immune.,"itching,receiving_blood_transfusion,receiving_unsterile_injections,fatigue,lethargy,yellowish_skin,loss_of_appetite,abdominal_pain,yellow_urine,yellowing_of_eyes,malaise"
Hepatitis B,itching,fatigue,lethargy,yellowish_skin,dark_urine,abdominal_pain,yellow_urine,yellowing_of_eyes,malaise,receiving_blood_transfusion,receiving_unsterile_injections,,,,,,,37.5-38.5°C / 99.5-101.3°F,See a doctor for antiviral treatment and monitoring; avoid alcohol. Practice safe sex and avoid sharing needles/personal items to prevent transmission. Family members should be screened and vaccinated if not immune.,"itching,receiving_blood_transfusion,receiving_unsterile_injections,fatigue,lethargy,yellowish_skin,dark_urine,abdominal_pain,yellow_urine,yellowing_of_eyes,malaise"
Hepatitis B,itching,fatigue,lethargy,yellowish_skin,dark_urine,loss_of_appetite,yellow_urine,yellowing_of_eyes,malaise,receiving_blood_transfusion,receiving_unsterile_injections,,,,,,,37.5-38.5°C / 99.5-101.3°F,See a doctor for antiviral treatment and monitoring; avoid alcohol. Practice safe sex and avoid sharing needles/personal items to prevent transmission. Family members should be screened and vaccinated if not immune.,"itching,receiving_blood_transfusion,receiving_unsterile_injections,fatigue,lethargy,yellowish_skin,dark_urine,loss_of_appetite,yellow_urine,yellowing_of_eyes,malaise"
Hepatitis B,itching,fatigue,lethargy,yellowish_skin,dark_urine,loss_of_appetite,abdominal_pain,yellowing_of_eyes,malaise,receiving_blood_transfusion,receiving_unsterile_injections,,,,,,,37.5-38.5°C / 99.5-101.3°F,See a doctor for antiviral treatment and monitoring; avoid alcohol. Practice safe sex and avoid sharing needles/personal items to prevent transmission. Family members should be screened and vaccinated if not immune.,"itching,receiving_blood_transfusion,receiving_unsterile_injections,fatigue,lethargy,yellowish_skin,dark_urine,loss_of_appetite,abdominal_pain,yellowing_of_eyes,malaise"
Hepatitis C,fatigue,yellowish_skin,nausea,loss_of_appetite,family_history,,,,,,,,,,,,,36.1-37.2°C / 97-99°F,"Consult a doctor about antiviral treatment, which can cure most cases. Avoid alcohol and get regular liver function monitoring. Avoid sharing needles or personal items that may carry blood.","fatigue,yellowish_skin,nausea,loss_of_appetite,family_history"
Hepatitis C,fatigue,yellowish_skin,nausea,loss_of_appetite,yellowing_of_eyes,family_history,,,,,,,,,,,,36.1-37.2°C / 97-99°F,"Consult a doctor about antiviral treatment, which can cure most cases. Avoid alcohol and get regular liver function monitoring. Avoid sharing needles or personal items that may carry blood.","fatigue,yellowish_skin,nausea,loss_of_appetite,yellowing_of_eyes,family_history"
Hepatitis C,yellowish_skin,nausea,loss_of_appetite,yellowing_of_eyes,family_history,,,,,,,,,,,,,36.1-37.2°C / 97-99°F,"Consult a doctor about antiviral treatment, which can cure most cases. Avoid alcohol and get regular liver function monitoring. Avoid sharing needles or personal items that may carry blood.","yellowish_skin,nausea,loss_of_appetite,yellowing_of_eyes,family_history"
Hepatitis C,fatigue,nausea,loss_of_appetite,yellowing_of_eyes,family_history,,,,,,,,,,,,,36.1-37.2°C / 97-99°F,"Consult a doctor about antiviral treatment, which can cure most cases. Avoid alcohol and get regular liver function monitoring. Avoid sharing needles or personal items that may carry blood.","fatigue,nausea,loss_of_appetite,yellowing_of_eyes,family_history"
Hepatitis C,fatigue,yellowish_skin,loss_of_appetite,yellowing_of_eyes,family_history,,,,,,,,,,,,,36.1-37.2°C / 97-99°F,"Consult a doctor about antiviral treatment, which can cure most cases. Avoid alcohol and get regular liver function monitoring. Avoid sharing needles or personal items that may carry blood.","fatigue,yellowish_skin,loss_of_appetite,yellowing_of_eyes,family_history"
Hepatitis C,fatigue,yellowish_skin,nausea,yellowing_of_eyes,family_history,,,,,,,,,,,,,36.1-37.2°C / 97-99°F,"Consult a doctor about antiviral treatment, which can cure most cases. Avoid alcohol and get regular liver function monitoring. Avoid sharing needles or personal items that may carry blood.","fatigue,yellowish_skin,nausea,yellowing_of_eyes,family_history"
Hepatitis C,fatigue,yellowish_skin,nausea,loss_of_appetite,yellowing_of_eyes,,,,,,,,,,,,,36.1-37.2°C / 97-99°F,"Consult a doctor about antiviral treatment, which can cure most cases. Avoid alcohol and get regular liver function monitoring. Avoid sharing needles or personal items that may carry blood.","fatigue,yellowish_skin,nausea,loss_of_appetite,yellowing_of_eyes"
Hepatitis D,joint_pain,vomiting,fatigue,yellowish_skin,dark_urine,nausea,loss_of_appetite,abdominal_pain,yellowing_of_eyes,,,,,,,,,37.5-38.5°C / 99.5-101.3°F,"This occurs alongside Hepatitis B, so treatment focuses on managing both. Avoid alcohol, seek specialist care, and get vaccinated against Hepatitis B if not already immune (which also prevents Hepatitis D).","joint_pain,vomiting,fatigue,yellowish_skin,dark_urine,nausea,loss_of_appetite,abdominal_pain,yellowing_of_eyes"
Hepatitis D,vomiting,fatigue,yellowish_skin,dark_urine,nausea,loss_of_appetite,abdominal_pain,yellowing_of_eyes,,,,,,,,,,37.5-38.5°C / 99.5-101.3°F,"This occurs alongside Hepatitis B, so treatment focuses on managing both. Avoid alcohol, seek specialist care, and get vaccinated against Hepatitis B if not already immune (which also prevents Hepatitis D).","vomiting,fatigue,yellowish_skin,dark_urine,nausea,loss_of_appetite,abdominal_pain,yellowing_of_eyes"
Hepatitis D,joint_pain,fatigue,yellowish_skin,dark_urine,nausea,loss_of_appetite,abdominal_pain,yellowing_of_eyes,,,,,,,,,,37.5-38.5°C / 99.5-101.3°F,"This occurs alongside Hepatitis B, so treatment focuses on managing both. Avoid alcohol, seek specialist care, and get vaccinated against Hepatitis B if not already immune (which also prevents Hepatitis D).","joint_pain,fatigue,yellowish_skin,dark_urine,nausea,loss_of_appetite,abdominal_pain,yellowing_of_eyes"
Hepatitis D,joint_pain,vomiting,yellowish_skin,dark_urine,nausea,loss_of_appetite,abdominal_pain,yellowing_of_eyes,,,,,,,,,,37.5-38.5°C / 99.5-101.3°F,"This occurs alongside Hepatitis B, so treatment focuses on managing both. Avoid alcohol, seek specialist care, and get vaccinated against Hepatitis B if not already immune (which also prevents Hepatitis D).","joint_pain,vomiting,yellowish_skin,dark_urine,nausea,loss_of_appetite,abdominal_pain,yellowing_of_eyes"
Hepatitis D,joint_pain,vomiting,fatigue,dark_urine,nausea,loss_of_appetite,abdominal_pain,yellowing_of_eyes,,,,,,,,,,37.5-38.5°C / 99.5-101.3°F,"This occurs alongside Hepatitis B, so treatment focuses on managing both. Avoid alcohol, seek specialist care, and get vaccinated against Hepatitis B if not already immune (which also prevents Hepatitis D).","joint_pain,vomiting,fatigue,dark_urine,nausea,loss_of_appetite,abdominal_pain,yellowing_of_eyes"
Hepatitis D,joint_pain,vomiting,fatigue,yellowish_skin,nausea,loss_of_appetite,abdominal_pain,yellowing_of_eyes,,,,,,,,,,37.5-38.5°C / 99.5-101.3°F,"This occurs alongside Hepatitis B, so treatment focuses on managing both. Avoid alcohol, seek specialist care, and get vaccinated against Hepatitis B if not already immune (which also prevents Hepatitis D).","joint_pain,vomiting,fatigue,yellowish_skin,nausea,loss_of_appetite,abdominal_pain,yellowing_of_eyes"
Hepatitis D,joint_pain,vomiting,fatigue,yellowish_skin,dark_urine,loss_of_appetite,abdominal_pain,yellowing_of_eyes,,,,,,,,,,37.5-38.5°C / 99.5-101.3°F,"This occurs alongside Hepatitis B, so treatment focuses on managing both. Avoid alcohol, seek specialist care, and get vaccinated against Hepatitis B if not already immune (which also prevents Hepatitis D).","joint_pain,vomiting,fatigue,yellowish_skin,dark_urine,loss_of_appetite,abdominal_pain,yellowing_of_eyes"
Hepatitis D,joint_pain,vomiting,fatigue,yellowish_skin,dark_urine,nausea,abdominal_pain,yellowing_of_eyes,,,,,,,,,,37.5-38.5°C / 99.5-101.3°F,"This occurs alongside Hepatitis B, so treatment focuses on managing both. Avoid alcohol, seek specialist care, and get vaccinated against Hepatitis B if not already immune (which also prevents Hepatitis D).","joint_pain,vomiting,fatigue,yellowish_skin,dark_urine,nausea,abdominal_pain,yellowing_of_eyes"
Hepatitis D,joint_pain,vomiting,fatigue,yellowish_skin,dark_urine,nausea,loss_of_appetite,yellowing_of_eyes,,,,,,,,,,37.5-38.5°C / 99.5-101.3°F,"This occurs alongside Hepatitis B, so treatment focuses on managing both. Avoid alcohol, seek specialist care, and get vaccinated against Hepatitis B if not already immune (which also prevents Hepatitis D).","joint_pain,vomiting,fatigue,yellowish_skin,dark_urine,nausea,loss_of_appetite,yellowing_of_eyes"
Hepatitis D,joint_pain,vomiting,fatigue,yellowish_skin,dark_urine,nausea,loss_of_appetite,abdominal_pain,,,,,,,,,,37.5-38.5°C / 99.5-101.3°F,"This occurs alongside Hepatitis B, so treatment focuses on managing both. Avoid alcohol, seek specialist care, and get vaccinated against Hepatitis B if not already immune (which also prevents Hepatitis D).","joint_pain,vomiting,fatigue,yellowish_skin,dark_urine,nausea,loss_of_appetite,abdominal_pain"
Hepatitis E,joint_pain,vomiting,fatigue,high_fever,yellowish_skin,dark_urine,nausea,loss_of_appetite,abdominal_pain,yellowing_of_eyes,coma,stomach_bleeding,,,,,,38.0-39.0°C / 100.4-102.2°F,"Rest, stay hydrated, and avoid alcohol; most cases resolve on their own. Pregnant women should seek prompt medical care, as it can be more severe. Seek emergency care for confusion or signs of liver failure.","joint_pain,yellowing_of_eyes,coma,stomach_bleeding,vomiting,fatigue,high_fever,yellowish_skin,dark_urine,nausea,loss_of_appetite,abdominal_pain"
Hepatitis E,joint_pain,vomiting,fatigue,high_fever,yellowish_skin,dark_urine,nausea,loss_of_appetite,abdominal_pain,yellowing_of_eyes,acute_liver_failure,coma,stomach_bleeding,,,,,38.0-39.0°C / 100.4-102.2°F,"Rest, stay hydrated, and avoid alcohol; most cases resolve on their own. Pregnant women should seek prompt medical care, as it can be more severe. Seek emergency care for confusion or signs of liver failure.","joint_pain,yellowing_of_eyes,acute_liver_failure,coma,stomach_bleeding,vomiting,fatigue,high_fever,yellowish_skin,dark_urine,nausea,loss_of_appetite,abdominal_pain"
Hepatitis E,vomiting,fatigue,high_fever,yellowish_skin,dark_urine,nausea,loss_of_appetite,abdominal_pain,yellowing_of_eyes,acute_liver_failure,coma,stomach_bleeding,,,,,,38.0-39.0°C / 100.4-102.2°F,"Rest, stay hydrated, and avoid alcohol; most cases resolve on their own. Pregnant women should seek prompt medical care, as it can be more severe. Seek emergency care for confusion or signs of liver failure.","vomiting,acute_liver_failure,coma,stomach_bleeding,fatigue,high_fever,yellowish_skin,dark_urine,nausea,loss_of_appetite,abdominal_pain,yellowing_of_eyes"
Hepatitis E,joint_pain,fatigue,high_fever,yellowish_skin,dark_urine,nausea,loss_of_appetite,abdominal_pain,yellowing_of_eyes,acute_liver_failure,coma,stomach_bleeding,,,,,,38.0-39.0°C / 100.4-102.2°F,"Rest, stay hydrated, and avoid alcohol; most cases resolve on their own. Pregnant women should seek prompt medical care, as it can be more severe. Seek emergency care for confusion or signs of liver failure.","joint_pain,acute_liver_failure,coma,stomach_bleeding,fatigue,high_fever,yellowish_skin,dark_urine,nausea,loss_of_appetite,abdominal_pain,yellowing_of_eyes"
Hepatitis E,joint_pain,vomiting,high_fever,yellowish_skin,dark_urine,nausea,loss_of_appetite,abdominal_pain,yellowing_of_eyes,acute_liver_failure,coma,stomach_bleeding,,,,,,38.0-39.0°C / 100.4-102.2°F,"Rest, stay hydrated, and avoid alcohol; most cases resolve on their own. Pregnant women should seek prompt medical care, as it can be more severe. Seek emergency care for confusion or signs of liver failure.","joint_pain,acute_liver_failure,coma,stomach_bleeding,vomiting,high_fever,yellowish_skin,dark_urine,nausea,loss_of_appetite,abdominal_pain,yellowing_of_eyes"
Hepatitis E,joint_pain,vomiting,fatigue,yellowish_skin,dark_urine,nausea,loss_of_appetite,abdominal_pain,yellowing_of_eyes,acute_liver_failure,coma,stomach_bleeding,,,,,,38.0-39.0°C / 100.4-102.2°F,"Rest, stay hydrated, and avoid alcohol; most cases resolve on their own. Pregnant women should seek prompt medical care, as it can be more severe. Seek emergency care for confusion or signs of liver failure.","joint_pain,acute_liver_failure,coma,stomach_bleeding,vomiting,fatigue,yellowish_skin,dark_urine,nausea,loss_of_appetite,abdominal_pain,yellowing_of_eyes"
Hepatitis E,joint_pain,vomiting,fatigue,high_fever,dark_urine,nausea,loss_of_appetite,abdominal_pain,yellowing_of_eyes,acute_liver_failure,coma,stomach_bleeding,,,,,,38.0-39.0°C / 100.4-102.2°F,"Rest, stay hydrated, and avoid alcohol; most cases resolve on their own. Pregnant women should seek prompt medical care, as it can be more severe. Seek emergency care for confusion or signs of liver failure.","joint_pain,acute_liver_failure,coma,stomach_bleeding,vomiting,fatigue,high_fever,dark_urine,nausea,loss_of_appetite,abdominal_pain,yellowing_of_eyes"
Hepatitis E,joint_pain,vomiting,fatigue,high_fever,yellowish_skin,nausea,loss_of_appetite,abdominal_pain,yellowing_of_eyes,acute_liver_failure,coma,stomach_bleeding,,,,,,38.0-39.0°C / 100.4-102.2°F,"Rest, stay hydrated, and avoid alcohol; most cases resolve on their own. Pregnant women should seek prompt medical care, as it can be more severe. Seek emergency care for confusion or signs of liver failure.","joint_pain,acute_liver_failure,coma,stomach_bleeding,vomiting,fatigue,high_fever,yellowish_skin,nausea,loss_of_appetite,abdominal_pain,yellowing_of_eyes"
Hepatitis E,joint_pain,vomiting,fatigue,high_fever,yellowish_skin,dark_urine,loss_of_appetite,abdominal_pain,yellowing_of_eyes,acute_liver_failure,coma,stomach_bleeding,,,,,,38.0-39.0°C / 100.4-102.2°F,"Rest, stay hydrated, and avoid alcohol; most cases resolve on their own. Pregnant women should seek prompt medical care, as it can be more severe. Seek emergency care for confusion or signs of liver failure.","joint_pain,acute_liver_failure,coma,stomach_bleeding,vomiting,fatigue,high_fever,yellowish_skin,dark_urine,loss_of_appetite,abdominal_pain,yellowing_of_eyes"
Alcoholic hepatitis,vomiting,yellowish_skin,abdominal_pain,swelling_of_stomach,distention_of_abdomen,history_of_alcohol_consumption,fluid_overload,,,,,,,,,,,37.5-38.5°C / 99.5-101.3°F,Complete abstinence from alcohol is essential. Seek medical care for nutritional support and monitoring; severe cases may need hospitalization. Consider counseling or support programs for alcohol use.,"vomiting,yellowish_skin,abdominal_pain,swelling_of_stomach,distention_of_abdomen,history_of_alcohol_consumption,fluid_overload"
Alcoholic hepatitis,yellowish_skin,abdominal_pain,swelling_of_stomach,distention_of_abdomen,history_of_alcohol_consumption,fluid_overload,,,,,,,,,,,,37.5-38.5°C / 99.5-101.3°F,Complete abstinence from alcohol is essential. Seek medical care for nutritional support and monitoring; severe cases may need hospitalization. Consider counseling or support programs for alcohol use.,"yellowish_skin,abdominal_pain,swelling_of_stomach,distention_of_abdomen,history_of_alcohol_consumption,fluid_overload"
Alcoholic hepatitis,vomiting,abdominal_pain,swelling_of_stomach,distention_of_abdomen,history_of_alcohol_consumption,fluid_overload,,,,,,,,,,,,37.5-38.5°C / 99.5-101.3°F,Complete abstinence from alcohol is essential. Seek medical care for nutritional support and monitoring; severe cases may need hospitalization. Consider counseling or support programs for alcohol use.,"vomiting,abdominal_pain,swelling_of_stomach,distention_of_abdomen,history_of_alcohol_consumption,fluid_overload"
Alcoholic hepatitis,vomiting,yellowish_skin,swelling_of_stomach,distention_of_abdomen,history_of_alcohol_consumption,fluid_overload,,,,,,,,,,,,37.5-38.5°C / 99.5-101.3°F,Complete abstinence from alcohol is essential. Seek medical care for nutritional support and monitoring; severe cases may need hospitalization. Consider counseling or support programs for alcohol use.,"vomiting,yellowish_skin,swelling_of_stomach,distention_of_abdomen,history_of_alcohol_consumption,fluid_overload"
Alcoholic hepatitis,vomiting,yellowish_skin,abdominal_pain,distention_of_abdomen,history_of_alcohol_consumption,fluid_overload,,,,,,,,,,,,37.5-38.5°C / 99.5-101.3°F,Complete abstinence from alcohol is essential. Seek medical care for nutritional support and monitoring; severe cases may need hospitalization. Consider counseling or support programs for alcohol use.,"vomiting,yellowish_skin,abdominal_pain,distention_of_abdomen,history_of_alcohol_consumption,fluid_overload"
Alcoholic hepatitis,vomiting,yellowish_skin,abdominal_pain,swelling_of_stomach,history_of_alcohol_consumption,fluid_overload,,,,,,,,,,,,37.5-38.5°C / 99.5-101.3°F,Complete abstinence from alcohol is essential. Seek medical care for nutritional support and monitoring; severe cases may need hospitalization. Consider counseling or support programs for alcohol use.,"vomiting,yellowish_skin,abdominal_pain,swelling_of_stomach,history_of_alcohol_consumption,fluid_overload"
Alcoholic hepatitis,vomiting,yellowish_skin,abdominal_pain,swelling_of_stomach,distention_of_abdomen,fluid_overload,,,,,,,,,,,,37.5-38.5°C / 99.5-101.3°F,Complete abstinence from alcohol is essential. Seek medical care for nutritional support and monitoring; severe cases may need hospitalization. Consider counseling or support programs for alcohol use.,"vomiting,yellowish_skin,abdominal_pain,swelling_of_stomach,distention_of_abdomen,fluid_overload"
Alcoholic hepatitis,vomiting,yellowish_skin,abdominal_pain,swelling_of_stomach,distention_of_abdomen,history_of_alcohol_consumption,,,,,,,,,,,,37.5-38.5°C / 99.5-101.3°F,Complete abstinence from alcohol is essential. Seek medical care for nutritional support and monitoring; severe cases may need hospitalization. Consider counseling or support programs for alcohol use.,"vomiting,yellowish_skin,abdominal_pain,swelling_of_stomach,distention_of_abdomen,history_of_alcohol_consumption"
Tuberculosis,chills,vomiting,fatigue,weight_loss,cough,high_fever,breathlessness,sweating,loss_of_appetite,mild_fever,yellowing_of_eyes,swelled_lymph_nodes,malaise,phlegm,chest_pain,blood_in_sputum,,37.5-38.5°C / 99.5-101.3°F,"Complete the full course of prescribed anti-TB medication, even after feeling better, to prevent drug resistance. Cover coughs, ensure good ventilation, and get contacts screened. Don't stop treatment early.","chills,mild_fever,yellowing_of_eyes,swelled_lymph_nodes,malaise,phlegm,chest_pain,blood_in_sputum,vomiting,fatigue,weight_loss,cough,high_fever,breathlessness,sweating,loss_of_appetite"
Tuberculosis,vomiting,fatigue,weight_loss,cough,high_fever,breathlessness,sweating,loss_of_appetite,mild_fever,yellowing_of_eyes,swelled_lymph_nodes,malaise,phlegm,chest_pain,blood_in_sputum,,,37.5-38.5°C / 99.5-101.3°F,"Complete the full course of prescribed anti-TB medication, even after feeling better, to prevent drug resistance. Cover coughs, ensure good ventilation, and get contacts screened. Don't stop treatment early.","vomiting,yellowing_of_eyes,swelled_lymph_nodes,malaise,phlegm,chest_pain,blood_in_sputum,fatigue,weight_loss,cough,high_fever,breathlessness,sweating,loss_of_appetite,mild_fever"
Tuberculosis,chills,fatigue,weight_loss,cough,high_fever,breathlessness,sweating,loss_of_appetite,mild_fever,yellowing_of_eyes,swelled_lymph_nodes,malaise,phlegm,chest_pain,blood_in_sputum,,,37.5-38.5°C / 99.5-101.3°F,"Complete the full course of prescribed anti-TB medication, even after feeling better, to prevent drug resistance. Cover coughs, ensure good ventilation, and get contacts screened. Don't stop treatment early.","chills,yellowing_of_eyes,swelled_lymph_nodes,malaise,phlegm,chest_pain,blood_in_sputum,fatigue,weight_loss,cough,high_fever,breathlessness,sweating,loss_of_appetite,mild_fever"
Tuberculosis,chills,vomiting,weight_loss,cough,high_fever,breathlessness,sweating,loss_of_appetite,mild_fever,yellowing_of_eyes,swelled_lymph_nodes,malaise,phlegm,chest_pain,blood_in_sputum,,,37.5-38.5°C / 99.5-101.3°F,"Complete the full course of prescribed anti-TB medication, even after feeling better, to prevent drug resistance. Cover coughs, ensure good ventilation, and get contacts screened. Don't stop treatment early.","chills,yellowing_of_eyes,swelled_lymph_nodes,malaise,phlegm,chest_pain,blood_in_sputum,vomiting,weight_loss,cough,high_fever,breathlessness,sweating,loss_of_appetite,mild_fever"
Tuberculosis,chills,vomiting,fatigue,cough,high_fever,breathlessness,sweating,loss_of_appetite,mild_fever,yellowing_of_eyes,swelled_lymph_nodes,malaise,phlegm,chest_pain,blood_in_sputum,,,37.5-38.5°C / 99.5-101.3°F,"Complete the full course of prescribed anti-TB medication, even after feeling better, to prevent drug resistance. Cover coughs, ensure good ventilation, and get contacts screened. Don't stop treatment early.","chills,yellowing_of_eyes,swelled_lymph_nodes,malaise,phlegm,chest_pain,blood_in_sputum,vomiting,fatigue,cough,high_fever,breathlessness,sweating,loss_of_appetite,mild_fever"
Tuberculosis,chills,vomiting,fatigue,weight_loss,high_fever,breathlessness,sweating,loss_of_appetite,mild_fever,yellowing_of_eyes,swelled_lymph_nodes,malaise,phlegm,chest_pain,blood_in_sputum,,,37.5-38.5°C / 99.5-101.3°F,"Complete the full course of prescribed anti-TB medication, even after feeling better, to prevent drug resistance. Cover coughs, ensure good ventilation, and get contacts screened. Don't stop treatment early.","chills,yellowing_of_eyes,swelled_lymph_nodes,malaise,phlegm,chest_pain,blood_in_sputum,vomiting,fatigue,weight_loss,high_fever,breathlessness,sweating,loss_of_appetite,mild_fever"
Tuberculosis,chills,vomiting,fatigue,weight_loss,cough,breathlessness,sweating,loss_of_appetite,mild_fever,yellowing_of_eyes,swelled_lymph_nodes,malaise,phlegm,chest_pain,blood_in_sputum,,,37.5-38.5°C / 99.5-101.3°F,"Complete the full course of prescribed anti-TB medication, even after feeling better, to prevent drug resistance. Cover coughs, ensure good ventilation, and get contacts screened. Don't stop treatment early.","chills,yellowing_of_eyes,swelled_lymph_nodes,malaise,phlegm,chest_pain,blood_in_sputum,vomiting,fatigue,weight_loss,cough,breathlessness,sweating,loss_of_appetite,mild_fever"
Tuberculosis,chills,vomiting,fatigue,weight_loss,cough,high_fever,sweating,loss_of_appetite,mild_fever,yellowing_of_eyes,swelled_lymph_nodes,malaise,phlegm,chest_pain,blood_in_sputum,,,37.5-38.5°C / 99.5-101.3°F,"Complete the full course of prescribed anti-TB medication, even after feeling better, to prevent drug resistance. Cover coughs, ensure good ventilation, and get contacts screened. Don't stop treatment early.","chills,yellowing_of_eyes,swelled_lymph_nodes,malaise,phlegm,chest_pain,blood_in_sputum,vomiting,fatigue,weight_loss,cough,high_fever,sweating,loss_of_appetite,mild_fever"
Tuberculosis,chills,vomiting,fatigue,weight_loss,cough,high_fever,breathlessness,loss_of_appetite,mild_fever,yellowing_of_eyes,swelled_lymph_nodes,malaise,phlegm,chest_pain,blood_in_sputum,,,37.5-38.5°C / 99.5-101.3°F,"Complete the full course of prescribed anti-TB medication, even after feeling better, to prevent drug resistance. Cover coughs, ensure good ventilation, and get contacts screened. Don't stop treatment early.","chills,yellowing_of_eyes,swelled_lymph_nodes,malaise,phlegm,chest_pain,blood_in_sputum,vomiting,fatigue,weight_loss,cough,high_fever,breathlessness,loss_of_appetite,mild_fever"
Common Cold,continuous_sneezing,chills,fatigue,cough,high_fever,headache,swelled_lymph_nodes,malaise,phlegm,throat_irritation,redness_of_eyes,sinus_pressure,runny_nose,congestion,chest_pain,loss_of_smell,muscle_pain,37.5-38.5°C / 99.5-101.3°F,"Rest, stay hydrated, and use over-the-counter remedies for symptom relief. It usually resolves in 7–10 days. See a doctor if symptoms worsen after a week or high fever develops.","continuous_sneezing,throat_irritation,redness_of_eyes,sinus_pressure,runny_nose,congestion,chest_pain,loss_of_smell,muscle_pain,chills,fatigue,cough,high_fever,headache,swelled_lymph_nodes,malaise,phlegm"
Common Cold,chills,fatigue,cough,high_fever,headache,swelled_lymph_nodes,malaise,phlegm,throat_irritation,redness_of_eyes,sinus_pressure,runny_nose,congestion,chest_pain,loss_of_smell,muscle_pain,,37.5-38.5°C / 99.5-101.3°F,"Rest, stay hydrated, and use over-the-counter remedies for symptom relief. It usually resolves in 7–10 days. See a doctor if symptoms worsen after a week or high fever develops.","chills,redness_of_eyes,sinus_pressure,runny_nose,congestion,chest_pain,loss_of_smell,muscle_pain,fatigue,cough,high_fever,headache,swelled_lymph_nodes,malaise,phlegm,throat_irritation"
Common Cold,continuous_sneezing,fatigue,cough,high_fever,headache,swelled_lymph_nodes,malaise,phlegm,throat_irritation,redness_of_eyes,sinus_pressure,runny_nose,congestion,chest_pain,loss_of_smell,muscle_pain,,37.5-38.5°C / 99.5-101.3°F,"Rest, stay hydrated, and use over-the-counter remedies for symptom relief. It usually resolves in 7–10 days. See a doctor if symptoms worsen after a week or high fever develops.","continuous_sneezing,redness_of_eyes,sinus_pressure,runny_nose,congestion,chest_pain,loss_of_smell,muscle_pain,fatigue,cough,high_fever,headache,swelled_lymph_nodes,malaise,phlegm,throat_irritation"
Common Cold,continuous_sneezing,chills,cough,high_fever,headache,swelled_lymph_nodes,malaise,phlegm,throat_irritation,redness_of_eyes,sinus_pressure,runny_nose,congestion,chest_pain,loss_of_smell,muscle_pain,,37.5-38.5°C / 99.5-101.3°F,"Rest, stay hydrated, and use over-the-counter remedies for symptom relief. It usually resolves in 7–10 days. See a doctor if symptoms worsen after a week or high fever develops.","continuous_sneezing,redness_of_eyes,sinus_pressure,runny_nose,congestion,chest_pain,loss_of_smell,muscle_pain,chills,cough,high_fever,headache,swelled_lymph_nodes,malaise,phlegm,throat_irritation"
Common Cold,continuous_sneezing,chills,fatigue,high_fever,headache,swelled_lymph_nodes,malaise,phlegm,throat_irritation,redness_of_eyes,sinus_pressure,runny_nose,congestion,chest_pain,loss_of_smell,muscle_pain,,37.5-38.5°C / 99.5-101.3°F,"Rest, stay hydrated, and use over-the-counter remedies for symptom relief. It usually resolves in 7–10 days. See a doctor if symptoms worsen after a week or high fever develops.","continuous_sneezing,redness_of_eyes,sinus_pressure,runny_nose,congestion,chest_pain,loss_of_smell,muscle_pain,chills,fatigue,high_fever,headache,swelled_lymph_nodes,malaise,phlegm,throat_irritation"
Common Cold,continuous_sneezing,chills,fatigue,cough,headache,swelled_lymph_nodes,malaise,phlegm,throat_irritation,redness_of_eyes,sinus_pressure,runny_nose,congestion,chest_pain,loss_of_smell,muscle_pain,,37.5-38.5°C / 99.5-101.3°F,"Rest, stay hydrated, and use over-the-counter remedies for symptom relief. It usually resolves in 7–10 days. See a doctor if symptoms worsen after a week or high fever develops.","continuous_sneezing,redness_of_eyes,sinus_pressure,runny_nose,congestion,chest_pain,loss_of_smell,muscle_pain,chills,fatigue,cough,headache,swelled_lymph_nodes,malaise,phlegm,throat_irritation"
Common Cold,continuous_sneezing,chills,fatigue,cough,high_fever,swelled_lymph_nodes,malaise,phlegm,throat_irritation,redness_of_eyes,sinus_pressure,runny_nose,congestion,chest_pain,loss_of_smell,muscle_pain,,37.5-38.5°C / 99.5-101.3°F,"Rest, stay hydrated, and use over-the-counter remedies for symptom relief. It usually resolves in 7–10 days. See a doctor if symptoms worsen after a week or high fever develops.","continuous_sneezing,redness_of_eyes,sinus_pressure,runny_nose,congestion,chest_pain,loss_of_smell,muscle_pain,chills,fatigue,cough,high_fever,swelled_lymph_nodes,malaise,phlegm,throat_irritation"
Common Cold,continuous_sneezing,chills,fatigue,cough,high_fever,headache,malaise,phlegm,throat_irritation,redness_of_eyes,sinus_pressure,runny_nose,congestion,chest_pain,loss_of_smell,muscle_pain,,37.5-38.5°C / 99.5-101.3°F,"Rest, stay hydrated, and use over-the-counter remedies for symptom relief. It usually resolves in 7–10 days. See a doctor if symptoms worsen after a week or high fever develops.","continuous_sneezing,redness_of_eyes,sinus_pressure,runny_nose,congestion,chest_pain,loss_of_smell,muscle_pain,chills,fatigue,cough,high_fever,headache,malaise,phlegm,throat_irritation"
Common Cold,continuous_sneezing,chills,fatigue,cough,high_fever,headache,swelled_lymph_nodes,phlegm,throat_irritation,redness_of_eyes,sinus_pressure,runny_nose,congestion,chest_pain,loss_of_smell,muscle_pain,,37.5-38.5°C / 99.5-101.3°F,"Rest, stay hydrated, and use over-the-counter remedies for symptom relief. It usually resolves in 7–10 days. See a doctor if symptoms worsen after a week or high fever develops.","continuous_sneezing,redness_of_eyes,sinus_pressure,runny_nose,congestion,chest_pain,loss_of_smell,muscle_pain,chills,fatigue,cough,high_fever,headache,swelled_lymph_nodes,phlegm,throat_irritation"
Pneumonia,chills,fatigue,cough,high_fever,breathlessness,sweating,malaise,chest_pain,fast_heart_rate,rusty_sputum,,,,,,,,38.5-40.0°C / 101.3-104°F,"Complete prescribed antibiotics if bacterial, rest, and stay hydrated. Seek prompt medical care, especially for breathlessness, confusion, or in young children/elderly, as it can worsen quickly.","chills,rusty_sputum,fatigue,cough,high_fever,breathlessness,sweating,malaise,chest_pain,fast_heart_rate"
Pneumonia,chills,fatigue,cough,high_fever,breathlessness,sweating,malaise,phlegm,chest_pain,fast_heart_rate,rusty_sputum,,,,,,,38.5-40.0°C / 101.3-104°F,"Complete prescribed antibiotics if bacterial, rest, and stay hydrated. Seek prompt medical care, especially for breathlessness, confusion, or in young children/elderly, as it can worsen quickly.","chills,fast_heart_rate,rusty_sputum,fatigue,cough,high_fever,breathlessness,sweating,malaise,phlegm,chest_pain"
Pneumonia,fatigue,cough,high_fever,breathlessness,sweating,malaise,phlegm,chest_pain,fast_heart_rate,rusty_sputum,,,,,,,,38.5-40.0°C / 101.3-104°F,"Complete prescribed antibiotics if bacterial, rest, and stay hydrated. Seek prompt medical care, especially for breathlessness, confusion, or in young children/elderly, as it can worsen quickly.","fatigue,rusty_sputum,cough,high_fever,breathlessness,sweating,malaise,phlegm,chest_pain,fast_heart_rate"
Pneumonia,chills,cough,high_fever,breathlessness,sweating,malaise,phlegm,chest_pain,fast_heart_rate,rusty_sputum,,,,,,,,38.5-40.0°C / 101.3-104°F,"Complete prescribed antibiotics if bacterial, rest, and stay hydrated. Seek prompt medical care, especially for breathlessness, confusion, or in young children/elderly, as it can worsen quickly.","chills,rusty_sputum,cough,high_fever,breathlessness,sweating,malaise,phlegm,chest_pain,fast_heart_rate"
Pneumonia,chills,fatigue,high_fever,breathlessness,sweating,malaise,phlegm,chest_pain,fast_heart_rate,rusty_sputum,,,,,,,,38.5-40.0°C / 101.3-104°F,"Complete prescribed antibiotics if bacterial, rest, and stay hydrated. Seek prompt medical care, especially for breathlessness, confusion, or in young children/elderly, as it can worsen quickly.","chills,rusty_sputum,fatigue,high_fever,breathlessness,sweating,malaise,phlegm,chest_pain,fast_heart_rate"
Pneumonia,chills,fatigue,cough,breathlessness,sweating,malaise,phlegm,chest_pain,fast_heart_rate,rusty_sputum,,,,,,,,38.5-40.0°C / 101.3-104°F,"Complete prescribed antibiotics if bacterial, rest, and stay hydrated. Seek prompt medical care, especially for breathlessness, confusion, or in young children/elderly, as it can worsen quickly.","chills,rusty_sputum,fatigue,cough,breathlessness,sweating,malaise,phlegm,chest_pain,fast_heart_rate"
Pneumonia,chills,fatigue,cough,high_fever,sweating,malaise,phlegm,chest_pain,fast_heart_rate,rusty_sputum,,,,,,,,38.5-40.0°C / 101.3-104°F,"Complete prescribed antibiotics if bacterial, rest, and stay hydrated. Seek prompt medical care, especially for breathlessness, confusion, or in young children/elderly, as it can worsen quickly.","chills,rusty_sputum,fatigue,cough,high_fever,sweating,malaise,phlegm,chest_pain,fast_heart_rate"
Pneumonia,chills,fatigue,cough,high_fever,breathlessness,malaise,phlegm,chest_pain,fast_heart_rate,rusty_sputum,,,,,,,,38.5-40.0°C / 101.3-104°F,"Complete prescribed antibiotics if bacterial, rest, and stay hydrated. Seek prompt medical care, especially for breathlessness, confusion, or in young children/elderly, as it can worsen quickly.","chills,rusty_sputum,fatigue,cough,high_fever,breathlessness,malaise,phlegm,chest_pain,fast_heart_rate"
Pneumonia,chills,fatigue,cough,high_fever,breathlessness,sweating,phlegm,chest_pain,fast_heart_rate,rusty_sputum,,,,,,,,38.5-40.0°C / 101.3-104°F,"Complete prescribed antibiotics if bacterial, rest, and stay hydrated. Seek prompt medical care, especially for breathlessness, confusion, or in young children/elderly, as it can worsen quickly.","chills,rusty_sputum,fatigue,cough,high_fever,breathlessness,sweating,phlegm,chest_pain,fast_heart_rate"
Dimorphic hemmorhoids(piles),constipation,pain_during_bowel_movements,pain_in_anal_region,bloody_stool,irritation_in_anus,,,,,,,,,,,,,36.1-37.2°C / 97-99°F,"Increase fiber and water intake to soften stools, avoid straining, and consider warm sitz baths. Topical treatments can ease discomfort. See a doctor if there is significant bleeding or pain.","constipation,pain_during_bowel_movements,pain_in_anal_region,bloody_stool,irritation_in_anus"
Dimorphic hemmorhoids(piles),pain_during_bowel_movements,pain_in_anal_region,bloody_stool,irritation_in_anus,,,,,,,,,,,,,,36.1-37.2°C / 97-99°F,"Increase fiber and water intake to soften stools, avoid straining, and consider warm sitz baths. Topical treatments can ease discomfort. See a doctor if there is significant bleeding or pain.","pain_during_bowel_movements,pain_in_anal_region,bloody_stool,irritation_in_anus"
Dimorphic hemmorhoids(piles),constipation,pain_in_anal_region,bloody_stool,irritation_in_anus,,,,,,,,,,,,,,36.1-37.2°C / 97-99°F,"Increase fiber and water intake to soften stools, avoid straining, and consider warm sitz baths. Topical treatments can ease discomfort. See a doctor if there is significant bleeding or pain.","constipation,pain_in_anal_region,bloody_stool,irritation_in_anus"
Dimorphic hemmorhoids(piles),constipation,pain_during_bowel_movements,bloody_stool,irritation_in_anus,,,,,,,,,,,,,,36.1-37.2°C / 97-99°F,"Increase fiber and water intake to soften stools, avoid straining, and consider warm sitz baths. Topical treatments can ease discomfort. See a doctor if there is significant bleeding or pain.","constipation,pain_during_bowel_movements,bloody_stool,irritation_in_anus"
Dimorphic hemmorhoids(piles),constipation,pain_during_bowel_movements,pain_in_anal_region,irritation_in_anus,,,,,,,,,,,,,,36.1-37.2°C / 97-99°F,"Increase fiber and water intake to soften stools, avoid straining, and consider warm sitz baths. Topical treatments can ease discomfort. See a doctor if there is significant bleeding or pain.","constipation,pain_during_bowel_movements,pain_in_anal_region,irritation_in_anus"
Dimorphic hemmorhoids(piles),constipation,pain_during_bowel_movements,pain_in_anal_region,bloody_stool,,,,,,,,,,,,,,36.1-37.2°C / 97-99°F,"Increase fiber and water intake to soften stools, avoid straining, and consider warm sitz baths. Topical treatments can ease discomfort. See a doctor if there is significant bleeding or pain.","constipation,pain_during_bowel_movements,pain_in_anal_region,bloody_stool"
Heart attack,vomiting,breathlessness,sweating,chest_pain,,,,,,,,,,,,,,38°C / 100.4°F,"This is a medical emergency — call emergency services immediately. Chew aspirin if advised and not allergic, and stay calm while waiting for help. Do not attempt to drive yourself.","vomiting,breathlessness,sweating,chest_pain"
Heart attack,breathlessness,sweating,chest_pain,,,,,,,,,,,,,,,38°C / 100.4°F,"This is a medical emergency — call emergency services immediately. Chew aspirin if advised and not allergic, and stay calm while waiting for help. Do not attempt to drive yourself.","breathlessness,sweating,chest_pain"
Heart attack,vomiting,sweating,chest_pain,,,,,,,,,,,,,,,38°C / 100.4°F,"This is a medical emergency — call emergency services immediately. Chew aspirin if advised and not allergic, and stay calm while waiting for help. Do not attempt to drive yourself.","vomiting,sweating,chest_pain"
Heart attack,vomiting,breathlessness,chest_pain,,,,,,,,,,,,,,,38°C / 100.4°F,"This is a medical emergency — call emergency services immediately. Chew aspirin if advised and not allergic, and stay calm while waiting for help. Do not attempt to drive yourself.","vomiting,breathlessness,chest_pain"
Heart attack,vomiting,breathlessness,sweating,,,,,,,,,,,,,,,38°C / 100.4°F,"This is a medical emergency — call emergency services immediately. Chew aspirin if advised and not allergic, and stay calm while waiting for help. Do not attempt to drive yourself.","vomiting,breathlessness,sweating"
Varicose veins,fatigue,cramps,bruising,obesity,swollen_legs,swollen_blood_vessels,prominent_veins_on_calf,,,,,,,,,,,36.1-37.2°C / 97-99°F,"Elevate legs when resting, avoid prolonged standing/sitting, exercise regularly, and consider compression stockings. See a doctor if there is pain, skin changes, or ulcers over the veins.","fatigue,cramps,bruising,obesity,swollen_legs,swollen_blood_vessels,prominent_veins_on_calf"
Varicose veins,cramps,bruising,obesity,swollen_legs,swollen_blood_vessels,prominent_veins_on_calf,,,,,,,,,,,,36.1-37.2°C / 97-99°F,"Elevate legs when resting, avoid prolonged standing/sitting, exercise regularly, and consider compression stockings. See a doctor if there is pain, skin changes, or ulcers over the veins.","cramps,bruising,obesity,swollen_legs,swollen_blood_vessels,prominent_veins_on_calf"
Varicose veins,fatigue,bruising,obesity,swollen_legs,swollen_blood_vessels,prominent_veins_on_calf,,,,,,,,,,,,36.1-37.2°C / 97-99°F,"Elevate legs when resting, avoid prolonged standing/sitting, exercise regularly, and consider compression stockings. See a doctor if there is pain, skin changes, or ulcers over the veins.","fatigue,bruising,obesity,swollen_legs,swollen_blood_vessels,prominent_veins_on_calf"
Varicose veins,fatigue,cramps,obesity,swollen_legs,swollen_blood_vessels,prominent_veins_on_calf,,,,,,,,,,,,36.1-37.2°C / 97-99°F,"Elevate legs when resting, avoid prolonged standing/sitting, exercise regularly, and consider compression stockings. See a doctor if there is pain, skin changes, or ulcers over the veins.","fatigue,cramps,obesity,swollen_legs,swollen_blood_vessels,prominent_veins_on_calf"
Varicose veins,fatigue,cramps,bruising,swollen_legs,swollen_blood_vessels,prominent_veins_on_calf,,,,,,,,,,,,36.1-37.2°C / 97-99°F,"Elevate legs when resting, avoid prolonged standing/sitting, exercise regularly, and consider compression stockings. See a doctor if there is pain, skin changes, or ulcers over the veins.","fatigue,cramps,bruising,swollen_legs,swollen_blood_vessels,prominent_veins_on_calf"
Varicose veins,fatigue,cramps,bruising,obesity,swollen_blood_vessels,prominent_veins_on_calf,,,,,,,,,,,,36.1-37.2°C / 97-99°F,"Elevate legs when resting, avoid prolonged standing/sitting, exercise regularly, and consider compression stockings. See a doctor if there is pain, skin changes, or ulcers over the veins.","fatigue,cramps,bruising,obesity,swollen_blood_vessels,prominent_veins_on_calf"
Varicose veins,fatigue,cramps,bruising,obesity,swollen_legs,prominent_veins_on_calf,,,,,,,,,,,,36.1-37.2°C / 97-99°F,"Elevate legs when resting, avoid prolonged standing/sitting, exercise regularly, and consider compression stockings. See a doctor if there is pain, skin changes, or ulcers over the veins.","fatigue,cramps,bruising,obesity,swollen_legs,prominent_veins_on_calf"
Varicose veins,fatigue,cramps,bruising,obesity,swollen_legs,swollen_blood_vessels,,,,,,,,,,,,36.1-37.2°C / 97-99°F,"Elevate legs when resting, avoid prolonged standing/sitting, exercise regularly, and consider compression stockings. See a doctor if there is pain, skin changes, or ulcers over the veins.","fatigue,cramps,bruising,obesity,swollen_legs,swollen_blood_vessels"
Hypothyroidism,fatigue,weight_gain,cold_hands_and_feets,mood_swings,lethargy,dizziness,puffy_face_and_eyes,enlarged_thyroid,brittle_nails,swollen_extremeties,depression,irritability,abnormal_menstruation,,,,,35.5-36.5°C / 95.9-97.7°F,"Take prescribed thyroid hormone replacement consistently, usually on an empty stomach. Regular blood tests help adjust dosage. Report ongoing fatigue, weight changes, or mood changes to your doctor.","fatigue,swollen_extremeties,depression,irritability,abnormal_menstruation,weight_gain,cold_hands_and_feets,mood_swings,lethargy,dizziness,puffy_face_and_eyes,enlarged_thyroid,brittle_nails"
Hypothyroidism,weight_gain,cold_hands_and_feets,mood_swings,lethargy,dizziness,puffy_face_and_eyes,enlarged_thyroid,brittle_nails,swollen_extremeties,depression,irritability,abnormal_menstruation,,,,,,35.5-36.5°C / 95.9-97.7°F,"Take prescribed thyroid hormone replacement consistently, usually on an empty stomach. Regular blood tests help adjust dosage. Report ongoing fatigue, weight changes, or mood changes to your doctor.","weight_gain,depression,irritability,abnormal_menstruation,cold_hands_and_feets,mood_swings,lethargy,dizziness,puffy_face_and_eyes,enlarged_thyroid,brittle_nails,swollen_extremeties"
Hypothyroidism,fatigue,cold_hands_and_feets,mood_swings,lethargy,dizziness,puffy_face_and_eyes,enlarged_thyroid,brittle_nails,swollen_extremeties,depression,irritability,abnormal_menstruation,,,,,,35.5-36.5°C / 95.9-97.7°F,"Take prescribed thyroid hormone replacement consistently, usually on an empty stomach. Regular blood tests help adjust dosage. Report ongoing fatigue, weight changes, or mood changes to your doctor.","fatigue,depression,irritability,abnormal_menstruation,cold_hands_and_feets,mood_swings,lethargy,dizziness,puffy_face_and_eyes,enlarged_thyroid,brittle_nails,swollen_extremeties"
Hypothyroidism,fatigue,weight_gain,mood_swings,lethargy,dizziness,puffy_face_and_eyes,enlarged_thyroid,brittle_nails,swollen_extremeties,depression,irritability,abnormal_menstruation,,,,,,35.5-36.5°C / 95.9-97.7°F,"Take prescribed thyroid hormone replacement consistently, usually on an empty stomach. Regular blood tests help adjust dosage. Report ongoing fatigue, weight changes, or mood changes to your doctor.","fatigue,depression,irritability,abnormal_menstruation,weight_gain,mood_swings,lethargy,dizziness,puffy_face_and_eyes,enlarged_thyroid,brittle_nails,swollen_extremeties"
Hypothyroidism,fatigue,weight_gain,cold_hands_and_feets,lethargy,dizziness,puffy_face_and_eyes,enlarged_thyroid,brittle_nails,swollen_extremeties,depression,irritability,abnormal_menstruation,,,,,,35.5-36.5°C / 95.9-97.7°F,"Take prescribed thyroid hormone replacement consistently, usually on an empty stomach. Regular blood tests help adjust dosage. Report ongoing fatigue, weight changes, or mood changes to your doctor.","fatigue,depression,irritability,abnormal_menstruation,weight_gain,cold_hands_and_feets,lethargy,dizziness,puffy_face_and_eyes,enlarged_thyroid,brittle_nails,swollen_extremeties"
Hypothyroidism,fatigue,weight_gain,cold_hands_and_feets,mood_swings,dizziness,puffy_face_and_eyes,enlarged_thyroid,brittle_nails,swollen_extremeties,depression,irritability,abnormal_menstruation,,,,,,35.5-36.5°C / 95.9-97.7°F,"Take prescribed thyroid hormone replacement consistently, usually on an empty stomach. Regular blood tests help adjust dosage. Report ongoing fatigue, weight changes, or mood changes to your doctor.","fatigue,depression,irritability,abnormal_menstruation,weight_gain,cold_hands_and_feets,mood_swings,dizziness,puffy_face_and_eyes,enlarged_thyroid,brittle_nails,swollen_extremeties"
Hypothyroidism,fatigue,weight_gain,cold_hands_and_feets,mood_swings,lethargy,puffy_face_and_eyes,enlarged_thyroid,brittle_nails,swollen_extremeties,depression,irritability,abnormal_menstruation,,,,,,35.5-36.5°C / 95.9-97.7°F,"Take prescribed thyroid hormone replacement consistently, usually on an empty stomach. Regular blood tests help adjust dosage. Report ongoing fatigue, weight changes, or mood changes to your doctor.","fatigue,depression,irritability,abnormal_menstruation,weight_gain,cold_hands_and_feets,mood_swings,lethargy,puffy_face_and_eyes,enlarged_thyroid,brittle_nails,swollen_extremeties"
Hypothyroidism,fatigue,weight_gain,cold_hands_and_feets,mood_swings,lethargy,dizziness,enlarged_thyroid,brittle_nails,swollen_extremeties,depression,irritability,abnormal_menstruation,,,,,,35.5-36.5°C / 95.9-97.7°F,"Take prescribed thyroid hormone replacement consistently, usually on an empty stomach. Regular blood tests help adjust dosage. Report ongoing fatigue, weight changes, or mood changes to your doctor.","fatigue,depression,irritability,abnormal_menstruation,weight_gain,cold_hands_and_feets,mood_swings,lethargy,dizziness,enlarged_thyroid,brittle_nails,swollen_extremeties"
Hyperthyroidism,fatigue,mood_swings,weight_loss,restlessness,sweating,diarrhoea,fast_heart_rate,excessive_hunger,muscle_weakness,irritability,abnormal_menstruation,,,,,,,37.5-38°C / 99.5-100.4°F,"Follow prescribed treatment (medication, radioactive iodine, or surgery as advised). Avoid excess iodine intake unless directed. Report rapid heartbeat, tremors, or eye changes to your doctor promptly.","fatigue,irritability,abnormal_menstruation,mood_swings,weight_loss,restlessness,sweating,diarrhoea,fast_heart_rate,excessive_hunger,muscle_weakness"
Hyperthyroidism,mood_swings,weight_loss,restlessness,sweating,diarrhoea,fast_heart_rate,excessive_hunger,muscle_weakness,irritability,abnormal_menstruation,,,,,,,,37.5-38°C / 99.5-100.4°F,"Follow prescribed treatment (medication, radioactive iodine, or surgery as advised). Avoid excess iodine intake unless directed. Report rapid heartbeat, tremors, or eye changes to your doctor promptly.","mood_swings,abnormal_menstruation,weight_loss,restlessness,sweating,diarrhoea,fast_heart_rate,excessive_hunger,muscle_weakness,irritability"
Hyperthyroidism,fatigue,weight_loss,restlessness,sweating,diarrhoea,fast_heart_rate,excessive_hunger,muscle_weakness,irritability,abnormal_menstruation,,,,,,,,37.5-38°C / 99.5-100.4°F,"Follow prescribed treatment (medication, radioactive iodine, or surgery as advised). Avoid excess iodine intake unless directed. Report rapid heartbeat, tremors, or eye changes to your doctor promptly.","fatigue,abnormal_menstruation,weight_loss,restlessness,sweating,diarrhoea,fast_heart_rate,excessive_hunger,muscle_weakness,irritability"
Hyperthyroidism,fatigue,mood_swings,restlessness,sweating,diarrhoea,fast_heart_rate,excessive_hunger,muscle_weakness,irritability,abnormal_menstruation,,,,,,,,37.5-38°C / 99.5-100.4°F,"Follow prescribed treatment (medication, radioactive iodine, or surgery as advised). Avoid excess iodine intake unless directed. Report rapid heartbeat, tremors, or eye changes to your doctor promptly.","fatigue,abnormal_menstruation,mood_swings,restlessness,sweating,diarrhoea,fast_heart_rate,excessive_hunger,muscle_weakness,irritability"
Hyperthyroidism,fatigue,mood_swings,weight_loss,sweating,diarrhoea,fast_heart_rate,excessive_hunger,muscle_weakness,irritability,abnormal_menstruation,,,,,,,,37.5-38°C / 99.5-100.4°F,"Follow prescribed treatment (medication, radioactive iodine, or surgery as advised). Avoid excess iodine intake unless directed. Report rapid heartbeat, tremors, or eye changes to your doctor promptly.","fatigue,abnormal_menstruation,mood_swings,weight_loss,sweating,diarrhoea,fast_heart_rate,excessive_hunger,muscle_weakness,irritability"
Hyperthyroidism,fatigue,mood_swings,weight_loss,restlessness,diarrhoea,fast_heart_rate,excessive_hunger,muscle_weakness,irritability,abnormal_menstruation,,,,,,,,37.5-38°C / 99.5-100.4°F,"Follow prescribed treatment (medication, radioactive iodine, or surgery as advised). Avoid excess iodine intake unless directed. Report rapid heartbeat, tremors, or eye changes to your doctor promptly.","fatigue,abnormal_menstruation,mood_swings,weight_loss,restlessness,diarrhoea,fast_heart_rate,excessive_hunger,muscle_weakness,irritability"
Hyperthyroidism,fatigue,mood_swings,weight_loss,restlessness,sweating,fast_heart_rate,excessive_hunger,muscle_weakness,irritability,abnormal_menstruation,,,,,,,,37.5-38°C / 99.5-100.4°F,"Follow prescribed treatment (medication, radioactive iodine, or surgery as advised). Avoid excess iodine intake unless directed. Report rapid heartbeat, tremors, or eye changes to your doctor promptly.","fatigue,abnormal_menstruation,mood_swings,weight_loss,restlessness,sweating,fast_heart_rate,excessive_hunger,muscle_weakness,irritability"
Hyperthyroidism,fatigue,mood_swings,weight_loss,restlessness,sweating,diarrhoea,excessive_hunger,muscle_weakness,irritability,abnormal_menstruation,,,,,,,,37.5-38°C / 99.5-100.4°F,"Follow prescribed treatment (medication, radioactive iodine, or surgery as advised). Avoid excess iodine intake unless directed. Report rapid heartbeat, tremors, or eye changes to your doctor promptly.","fatigue,abnormal_menstruation,mood_swings,weight_loss,restlessness,sweating,diarrhoea,excessive_hunger,muscle_weakness,irritability"
Hyperthyroidism,fatigue,mood_swings,weight_loss,restlessness,sweating,diarrhoea,fast_heart_rate,muscle_weakness,irritability,abnormal_menstruation,,,,,,,,37.5-38°C / 99.5-100.4°F,"Follow prescribed treatment (medication, radioactive iodine, or surgery as advised). Avoid excess iodine intake unless directed. Report rapid heartbeat, tremors, or eye changes to your doctor promptly.","fatigue,abnormal_menstruation,mood_swings,weight_loss,restlessness,sweating,diarrhoea,fast_heart_rate,muscle_weakness,irritability"
Hypoglycemia,vomiting,fatigue,anxiety,sweating,headache,nausea,blurred_and_distorted_vision,excessive_hunger,slurred_speech,irritability,palpitations,,,,,,,36.1-37.2°C / 97-99°F,"Treat low blood sugar quickly with fast-acting sugar (juice, glucose tablets), then a snack with protein. If diabetic, review medication doses with your doctor. Seek emergency care for confusion or loss of consciousness.","vomiting,irritability,palpitations,fatigue,anxiety,sweating,headache,nausea,blurred_and_distorted_vision,excessive_hunger,slurred_speech"
Hypoglycemia,vomiting,fatigue,anxiety,sweating,headache,nausea,blurred_and_distorted_vision,excessive_hunger,drying_and_tingling_lips,slurred_speech,irritability,palpitations,,,,,,36.1-37.2°C / 97-99°F,"Treat low blood sugar quickly with fast-acting sugar (juice, glucose tablets), then a snack with protein. If diabetic, review medication doses with your doctor. Seek emergency care for confusion or loss of consciousness.","vomiting,slurred_speech,irritability,palpitations,fatigue,anxiety,sweating,headache,nausea,blurred_and_distorted_vision,excessive_hunger,drying_and_tingling_lips"
Hypoglycemia,fatigue,anxiety,sweating,headache,nausea,blurred_and_distorted_vision,excessive_hunger,drying_and_tingling_lips,slurred_speech,irritability,palpitations,,,,,,,36.1-37.2°C / 97-99°F,"Treat low blood sugar quickly with fast-acting sugar (juice, glucose tablets), then a snack with protein. If diabetic, review medication doses with your doctor. Seek emergency care for confusion or loss of consciousness.","fatigue,irritability,palpitations,anxiety,sweating,headache,nausea,blurred_and_distorted_vision,excessive_hunger,drying_and_tingling_lips,slurred_speech"
Hypoglycemia,vomiting,anxiety,sweating,headache,nausea,blurred_and_distorted_vision,excessive_hunger,drying_and_tingling_lips,slurred_speech,irritability,palpitations,,,,,,,36.1-37.2°C / 97-99°F,"Treat low blood sugar quickly with fast-acting sugar (juice, glucose tablets), then a snack with protein. If diabetic, review medication doses with your doctor. Seek emergency care for confusion or loss of consciousness.","vomiting,irritability,palpitations,anxiety,sweating,headache,nausea,blurred_and_distorted_vision,excessive_hunger,drying_and_tingling_lips,slurred_speech"
Hypoglycemia,vomiting,fatigue,sweating,headache,nausea,blurred_and_distorted_vision,excessive_hunger,drying_and_tingling_lips,slurred_speech,irritability,palpitations,,,,,,,36.1-37.2°C / 97-99°F,"Treat low blood sugar quickly with fast-acting sugar (juice, glucose tablets), then a snack with protein. If diabetic, review medication doses with your doctor. Seek emergency care for confusion or loss of consciousness.","vomiting,irritability,palpitations,fatigue,sweating,headache,nausea,blurred_and_distorted_vision,excessive_hunger,drying_and_tingling_lips,slurred_speech"
Hypoglycemia,vomiting,fatigue,anxiety,headache,nausea,blurred_and_distorted_vision,excessive_hunger,drying_and_tingling_lips,slurred_speech,irritability,palpitations,,,,,,,36.1-37.2°C / 97-99°F,"Treat low blood sugar quickly with fast-acting sugar (juice, glucose tablets), then a snack with protein. If diabetic, review medication doses with your doctor. Seek emergency care for confusion or loss of consciousness.","vomiting,irritability,palpitations,fatigue,anxiety,headache,nausea,blurred_and_distorted_vision,excessive_hunger,drying_and_tingling_lips,slurred_speech"
Hypoglycemia,vomiting,fatigue,anxiety,sweating,nausea,blurred_and_distorted_vision,excessive_hunger,drying_and_tingling_lips,slurred_speech,irritability,palpitations,,,,,,,36.1-37.2°C / 97-99°F,"Treat low blood sugar quickly with fast-acting sugar (juice, glucose tablets), then a snack with protein. If diabetic, review medication doses with your doctor. Seek emergency care for confusion or loss of consciousness.","vomiting,irritability,palpitations,fatigue,anxiety,sweating,nausea,blurred_and_distorted_vision,excessive_hunger,drying_and_tingling_lips,slurred_speech"
Hypoglycemia,vomiting,fatigue,anxiety,sweating,headache,blurred_and_distorted_vision,excessive_hunger,drying_and_tingling_lips,slurred_speech,irritability,palpitations,,,,,,,36.1-37.2°C / 97-99°F,"Treat low blood sugar quickly with fast-acting sugar (juice, glucose tablets), then a snack with protein. If diabetic, review medication doses with your doctor. Seek emergency care for confusion or loss of consciousness.","vomiting,irritability,palpitations,fatigue,anxiety,sweating,headache,blurred_and_distorted_vision,excessive_hunger,drying_and_tingling_lips,slurred_speech"
Hypoglycemia,vomiting,fatigue,anxiety,sweating,headache,nausea,excessive_hunger,drying_and_tingling_lips,slurred_speech,irritability,palpitations,,,,,,,36.1-37.2°C / 97-99°F,"Treat low blood sugar quickly with fast-acting sugar (juice, glucose tablets), then a snack with protein. If diabetic, review medication doses with your doctor. Seek emergency care for confusion or loss of consciousness.","vomiting,irritability,palpitations,fatigue,anxiety,sweating,headache,nausea,excessive_hunger,drying_and_tingling_lips,slurred_speech"
Osteoarthristis,joint_pain,neck_pain,knee_pain,hip_joint_pain,swelling_joints,painful_walking,,,,,,,,,,,,36.1-37.2°C / 97-99°F,"Maintain a healthy weight to reduce joint stress, stay active with low-impact exercise, and use pain relief as needed. Physiotherapy can help; consult a doctor for persistent pain or limited mobility.","joint_pain,neck_pain,knee_pain,hip_joint_pain,swelling_joints,painful_walking"
Osteoarthristis,neck_pain,knee_pain,hip_joint_pain,swelling_joints,painful_walking,,,,,,,,,,,,,36.1-37.2°C / 97-99°F,"Maintain a healthy weight to reduce joint stress, stay active with low-impact exercise, and use pain relief as needed. Physiotherapy can help; consult a doctor for persistent pain or limited mobility.","neck_pain,knee_pain,hip_joint_pain,swelling_joints,painful_walking"
Osteoarthristis,joint_pain,knee_pain,hip_joint_pain,swelling_joints,painful_walking,,,,,,,,,,,,,36.1-37.2°C / 97-99°F,"Maintain a healthy weight to reduce joint stress, stay active with low-impact exercise, and use pain relief as needed. Physiotherapy can help; consult a doctor for persistent pain or limited mobility.","joint_pain,knee_pain,hip_joint_pain,swelling_joints,painful_walking"
Osteoarthristis,joint_pain,neck_pain,hip_joint_pain,swelling_joints,painful_walking,,,,,,,,,,,,,36.1-37.2°C / 97-99°F,"Maintain a healthy weight to reduce joint stress, stay active with low-impact exercise, and use pain relief as needed. Physiotherapy can help; consult a doctor for persistent pain or limited mobility.","joint_pain,neck_pain,hip_joint_pain,swelling_joints,painful_walking"
Osteoarthristis,joint_pain,neck_pain,knee_pain,swelling_joints,painful_walking,,,,,,,,,,,,,36.1-37.2°C / 97-99°F,"Maintain a healthy weight to reduce joint stress, stay active with low-impact exercise, and use pain relief as needed. Physiotherapy can help; consult a doctor for persistent pain or limited mobility.","joint_pain,neck_pain,knee_pain,swelling_joints,painful_walking"
Osteoarthristis,joint_pain,neck_pain,knee_pain,hip_joint_pain,painful_walking,,,,,,,,,,,,,36.1-37.2°C / 97-99°F,"Maintain a healthy weight to reduce joint stress, stay active with low-impact exercise, and use pain relief as needed. Physiotherapy can help; consult a doctor for persistent pain or limited mobility.","joint_pain,neck_pain,knee_pain,hip_joint_pain,painful_walking"
Osteoarthristis,joint_pain,neck_pain,knee_pain,hip_joint_pain,swelling_joints,,,,,,,,,,,,,36.1-37.2°C / 97-99°F,"Maintain a healthy weight to reduce joint stress, stay active with low-impact exercise, and use pain relief as needed. Physiotherapy can help; consult a doctor for persistent pain or limited mobility.","joint_pain,neck_pain,knee_pain,hip_joint_pain,swelling_joints"
Arthritis,muscle_weakness,stiff_neck,swelling_joints,movement_stiffness,painful_walking,,,,,,,,,,,,,36.1-37.5°C / 97-99.5°F,"Stay active with gentle, joint-friendly exercise, apply heat/cold for symptom relief, and take prescribed anti-inflammatory medication. See a rheumatologist for ongoing joint swelling or stiffness.","muscle_weakness,stiff_neck,swelling_joints,movement_stiffness,painful_walking"
Arthritis,stiff_neck,swelling_joints,movement_stiffness,painful_walking,,,,,,,,,,,,,,36.1-37.5°C / 97-99.5°F,"Stay active with gentle, joint-friendly exercise, apply heat/cold for symptom relief, and take prescribed anti-inflammatory medication. See a rheumatologist for ongoing joint swelling or stiffness.","stiff_neck,swelling_joints,movement_stiffness,painful_walking"
Arthritis,muscle_weakness,swelling_joints,movement_stiffness,painful_walking,,,,,,,,,,,,,,36.1-37.5°C / 97-99.5°F,"Stay active with gentle, joint-friendly exercise, apply heat/cold for symptom relief, and take prescribed anti-inflammatory medication. See a rheumatologist for ongoing joint swelling or stiffness.","muscle_weakness,swelling_joints,movement_stiffness,painful_walking"
Arthritis,muscle_weakness,stiff_neck,movement_stiffness,painful_walking,,,,,,,,,,,,,,36.1-37.5°C / 97-99.5°F,"Stay active with gentle, joint-friendly exercise, apply heat/cold for symptom relief, and take prescribed anti-inflammatory medication. See a rheumatologist for ongoing joint swelling or stiffness.","muscle_weakness,stiff_neck,movement_stiffness,painful_walking"
Arthritis,muscle_weakness,stiff_neck,swelling_joints,painful_walking,,,,,,,,,,,,,,36.1-37.5°C / 97-99.5°F,"Stay active with gentle, joint-friendly exercise, apply heat/cold for symptom relief, and take prescribed anti-inflammatory medication. See a rheumatologist for ongoing joint swelling or stiffness.","muscle_weakness,stiff_neck,swelling_joints,painful_walking"
Arthritis,muscle_weakness,stiff_neck,swelling_joints,movement_stiffness,,,,,,,,,,,,,,36.1-37.5°C / 97-99.5°F,"Stay active with gentle, joint-friendly exercise, apply heat/cold for symptom relief, and take prescribed anti-inflammatory medication. See a rheumatologist for ongoing joint swelling or stiffness.","muscle_weakness,stiff_neck,swelling_joints,movement_stiffness"
(vertigo) Paroymsal  Positional Vertigo,vomiting,headache,nausea,spinning_movements,loss_of_balance,unsteadiness,,,,,,,,,,,,36.1-37.2°C / 97-99°F,"Avoid sudden head movements, sit or lie down when dizzy, and consider vestibular rehabilitation exercises. See a doctor if vertigo is frequent, severe, or comes with hearing loss.","vomiting,headache,nausea,spinning_movements,loss_of_balance,unsteadiness"
(vertigo) Paroymsal  Positional Vertigo,headache,nausea,spinning_movements,loss_of_balance,unsteadiness,,,,,,,,,,,,,36.1-37.2°C / 97-99°F,"Avoid sudden head movements, sit or lie down when dizzy, and consider vestibular rehabilitation exercises. See a doctor if vertigo is frequent, severe, or comes with hearing loss.","headache,nausea,spinning_movements,loss_of_balance,unsteadiness"
(vertigo) Paroymsal  Positional Vertigo,vomiting,nausea,spinning_movements,loss_of_balance,unsteadiness,,,,,,,,,,,,,36.1-37.2°C / 97-99°F,"Avoid sudden head movements, sit or lie down when dizzy, and consider vestibular rehabilitation exercises. See a doctor if vertigo is frequent, severe, or comes with hearing loss.","vomiting,nausea,spinning_movements,loss_of_balance,unsteadiness"
(vertigo) Paroymsal  Positional Vertigo,vomiting,headache,spinning_movements,loss_of_balance,unsteadiness,,,,,,,,,,,,,36.1-37.2°C / 97-99°F,"Avoid sudden head movements, sit or lie down when dizzy, and consider vestibular rehabilitation exercises. See a doctor if vertigo is frequent, severe, or comes with hearing loss.","vomiting,headache,spinning_movements,loss_of_balance,unsteadiness"
(vertigo) Paroymsal  Positional Vertigo,vomiting,headache,nausea,loss_of_balance,unsteadiness,,,,,,,,,,,,,36.1-37.2°C / 97-99°F,"Avoid sudden head movements, sit or lie down when dizzy, and consider vestibular rehabilitation exercises. See a doctor if vertigo is frequent, severe, or comes with hearing loss.","vomiting,headache,nausea,loss_of_balance,unsteadiness"
(vertigo) Paroymsal  Positional Vertigo,vomiting,headache,nausea,spinning_movements,unsteadiness,,,,,,,,,,,,,36.1-37.2°C / 97-99°F,"Avoid sudden head movements, sit or lie down when dizzy, and consider vestibular rehabilitation exercises. See a doctor if vertigo is frequent, severe, or comes with hearing loss.","vomiting,headache,nausea,spinning_movements,unsteadiness"
(vertigo) Paroymsal  Positional Vertigo,vomiting,headache,nausea,spinning_movements,loss_of_balance,,,,,,,,,,,,,36.1-37.2°C / 97-99°F,"Avoid sudden head movements, sit or lie down when dizzy, and consider vestibular rehabilitation exercises. See a doctor if vertigo is frequent, severe, or comes with hearing loss.","vomiting,headache,nausea,spinning_movements,loss_of_balance"
Acne,skin_rash,pus_filled_pimples,blackheads,scurring,,,,,,,,,,,,,,36.1-37.2°C / 97-99°F,"Keep skin clean, avoid picking or squeezing pimples, and use non-comedogenic skincare. Over-the-counter treatments (benzoyl peroxide, salicylic acid) can help; see a dermatologist for persistent or severe acne.","skin_rash,pus_filled_pimples,blackheads,scurring"
Acne,pus_filled_pimples,blackheads,scurring,,,,,,,,,,,,,,,36.1-37.2°C / 97-99°F,"Keep skin clean, avoid picking or squeezing pimples, and use non-comedogenic skincare. Over-the-counter treatments (benzoyl peroxide, salicylic acid) can help; see a dermatologist for persistent or severe acne.","pus_filled_pimples,blackheads,scurring"
Acne,skin_rash,blackheads,scurring,,,,,,,,,,,,,,,36.1-37.2°C / 97-99°F,"Keep skin clean, avoid picking or squeezing pimples, and use non-comedogenic skincare. Over-the-counter treatments (benzoyl peroxide, salicylic acid) can help; see a dermatologist for persistent or severe acne.","skin_rash,blackheads,scurring"
Acne,skin_rash,pus_filled_pimples,scurring,,,,,,,,,,,,,,,36.1-37.2°C / 97-99°F,"Keep skin clean, avoid picking or squeezing pimples, and use non-comedogenic skincare. Over-the-counter treatments (benzoyl peroxide, salicylic acid) can help; see a dermatologist for persistent or severe acne.","skin_rash,pus_filled_pimples,scurring"
Acne,skin_rash,pus_filled_pimples,blackheads,,,,,,,,,,,,,,,36.1-37.2°C / 97-99°F,"Keep skin clean, avoid picking or squeezing pimples, and use non-comedogenic skincare. Over-the-counter treatments (benzoyl peroxide, salicylic acid) can help; see a dermatologist for persistent or severe acne.","skin_rash,pus_filled_pimples,blackheads"
Urinary tract infection,burning_micturition,bladder_discomfort,foul_smell_of urine,continuous_feel_of_urine,,,,,,,,,,,,,,36.5-38.5°C / 97.7-101.3°F,"Drink plenty of water, urinate frequently, and complete any prescribed antibiotics fully. See a doctor promptly, especially with fever or back pain, which may indicate a kidney infection.","burning_micturition,bladder_discomfort,foul_smell_of urine,continuous_feel_of_urine"
Urinary tract infection,bladder_discomfort,foul_smell_of urine,continuous_feel_of_urine,,,,,,,,,,,,,,,36.5-38.5°C / 97.7-101.3°F,"Drink plenty of water, urinate frequently, and complete any prescribed antibiotics fully. See a doctor promptly, especially with fever or back pain, which may indicate a kidney infection.","bladder_discomfort,foul_smell_of urine,continuous_feel_of_urine"
Urinary tract infection,burning_micturition,foul_smell_of urine,continuous_feel_of_urine,,,,,,,,,,,,,,,36.5-38.5°C / 97.7-101.3°F,"Drink plenty of water, urinate frequently, and complete any prescribed antibiotics fully. See a doctor promptly, especially with fever or back pain, which may indicate a kidney infection.","burning_micturition,foul_smell_of urine,continuous_feel_of_urine"
Urinary tract infection,burning_micturition,bladder_discomfort,continuous_feel_of_urine,,,,,,,,,,,,,,,36.5-38.5°C / 97.7-101.3°F,"Drink plenty of water, urinate frequently, and complete any prescribed antibiotics fully. See a doctor promptly, especially with fever or back pain, which may indicate a kidney infection.","burning_micturition,bladder_discomfort,continuous_feel_of_urine"
Urinary tract infection,burning_micturition,bladder_discomfort,foul_smell_of urine,,,,,,,,,,,,,,,36.5-38.5°C / 97.7-101.3°F,"Drink plenty of water, urinate frequently, and complete any prescribed antibiotics fully. See a doctor promptly, especially with fever or back pain, which may indicate a kidney infection.","burning_micturition,bladder_discomfort,foul_smell_of urine"
Psoriasis,skin_rash,joint_pain,skin_peeling,silver_like_dusting,small_dents_in_nails,inflammatory_nails,,,,,,,,,,,,36.1-37.2°C / 97-99°F,"Moisturize regularly, avoid triggers like stress and skin injury, and use prescribed topical or systemic treatments. See a dermatologist for flare-ups or if joint pain develops (psoriatic arthritis).","skin_rash,joint_pain,skin_peeling,silver_like_dusting,small_dents_in_nails,inflammatory_nails"
Psoriasis,joint_pain,skin_peeling,silver_like_dusting,small_dents_in_nails,inflammatory_nails,,,,,,,,,,,,,36.1-37.2°C / 97-99°F,"Moisturize regularly, avoid triggers like stress and skin injury, and use prescribed topical or systemic treatments. See a dermatologist for flare-ups or if joint pain develops (psoriatic arthritis).","joint_pain,skin_peeling,silver_like_dusting,small_dents_in_nails,inflammatory_nails"
Psoriasis,skin_rash,skin_peeling,silver_like_dusting,small_dents_in_nails,inflammatory_nails,,,,,,,,,,,,,36.1-37.2°C / 97-99°F,"Moisturize regularly, avoid triggers like stress and skin injury, and use prescribed topical or systemic treatments. See a dermatologist for flare-ups or if joint pain develops (psoriatic arthritis).","skin_rash,skin_peeling,silver_like_dusting,small_dents_in_nails,inflammatory_nails"
Psoriasis,skin_rash,joint_pain,silver_like_dusting,small_dents_in_nails,inflammatory_nails,,,,,,,,,,,,,36.1-37.2°C / 97-99°F,"Moisturize regularly, avoid triggers like stress and skin injury, and use prescribed topical or systemic treatments. See a dermatologist for flare-ups or if joint pain develops (psoriatic arthritis).","skin_rash,joint_pain,silver_like_dusting,small_dents_in_nails,inflammatory_nails"
Psoriasis,skin_rash,joint_pain,skin_peeling,small_dents_in_nails,inflammatory_nails,,,,,,,,,,,,,36.1-37.2°C / 97-99°F,"Moisturize regularly, avoid triggers like stress and skin injury, and use prescribed topical or systemic treatments. See a dermatologist for flare-ups or if joint pain develops (psoriatic arthritis).","skin_rash,joint_pain,skin_peeling,small_dents_in_nails,inflammatory_nails"
Psoriasis,skin_rash,joint_pain,skin_peeling,silver_like_dusting,inflammatory_nails,,,,,,,,,,,,,36.1-37.2°C / 97-99°F,"Moisturize regularly, avoid triggers like stress and skin injury, and use prescribed topical or systemic treatments. See a dermatologist for flare-ups or if joint pain develops (psoriatic arthritis).","skin_rash,joint_pain,skin_peeling,silver_like_dusting,inflammatory_nails"
Psoriasis,skin_rash,joint_pain,skin_peeling,silver_like_dusting,small_dents_in_nails,,,,,,,,,,,,,36.1-37.2°C / 97-99°F,"Moisturize regularly, avoid triggers like stress and skin injury, and use prescribed topical or systemic treatments. See a dermatologist for flare-ups or if joint pain develops (psoriatic arthritis).","skin_rash,joint_pain,skin_peeling,silver_like_dusting,small_dents_in_nails"
Impetigo,skin_rash,high_fever,blister,red_sore_around_nose,yellow_crust_ooze,,,,,,,,,,,,,36.5-38°C / 97.7-100.4°F,"Keep the area clean, avoid scratching, and use prescribed antibiotic ointment/medication. Wash hands frequently and avoid sharing towels, as it is highly contagious, especially among children.","skin_rash,high_fever,blister,red_sore_around_nose,yellow_crust_ooze"
Impetigo,high_fever,blister,red_sore_around_nose,yellow_crust_ooze,,,,,,,,,,,,,,36.5-38°C / 97.7-100.4°F,"Keep the area clean, avoid scratching, and use prescribed antibiotic ointment/medication. Wash hands frequently and avoid sharing towels, as it is highly contagious, especially among children.","high_fever,blister,red_sore_around_nose,yellow_crust_ooze"
Impetigo,skin_rash,blister,red_sore_around_nose,yellow_crust_ooze,,,,,,,,,,,,,,36.5-38°C / 97.7-100.4°F,"Keep the area clean, avoid scratching, and use prescribed antibiotic ointment/medication. Wash hands frequently and avoid sharing towels, as it is highly contagious, especially among children.","skin_rash,blister,red_sore_around_nose,yellow_crust_ooze"
Impetigo,skin_rash,high_fever,red_sore_around_nose,yellow_crust_ooze,,,,,,,,,,,,,,36.5-38°C / 97.7-100.4°F,"Keep the area clean, avoid scratching, and use prescribed antibiotic ointment/medication. Wash hands frequently and avoid sharing towels, as it is highly contagious, especially among children.","skin_rash,high_fever,red_sore_around_nose,yellow_crust_ooze"
Impetigo,skin_rash,high_fever,blister,yellow_crust_ooze,,,,,,,,,,,,,,36.5-38°C / 97.7-100.4°F,"Keep the area clean, avoid scratching, and use prescribed antibiotic ointment/medication. Wash hands frequently and avoid sharing towels, as it is highly contagious, especially among children.","skin_rash,high_fever,blister,yellow_crust_ooze"
Impetigo,skin_rash,high_fever,blister,red_sore_around_nose,,,,,,,,,,,,,,36.5-38°C / 97.7-100.4°F,"Keep the area clean, avoid scratching, and use prescribed antibiotic ointment/medication. Wash hands frequently and avoid sharing towels, as it is highly contagious, especially among children.","skin_rash,high_fever,blister,red_sore_around_nose"
Cholera, diarrhoea, vomiting, dehydration, sunken_eyes, muscle_cramps, weakness, rapid_heart_rate, excessive_thirst, low_blood_pressure,,,,,,,,,36.0-37.0°C / 96.8-98.6°F,"Start oral rehydration solution immediately and seek emergency care — cholera can cause fatal dehydration within hours. Boil or chemically treat drinking water, wash hands with soap, and safely dispose of waste to prevent spread during outbreaks.","diarrhoea,vomiting,dehydration,sunken_eyes,muscle_cramps,weakness,rapid_heart_rate,excessive_thirst,low_blood_pressure"
Cholera, vomiting, dehydration, sunken_eyes, muscle_cramps, weakness, rapid_heart_rate, excessive_thirst, low_blood_pressure,,,,,,,,,,36.0-37.0°C / 96.8-98.6°F,"Start oral rehydration solution immediately and seek emergency care — cholera can cause fatal dehydration within hours. Boil or chemically treat drinking water, wash hands with soap, and safely dispose of waste to prevent spread during outbreaks.","vomiting,dehydration,sunken_eyes,muscle_cramps,weakness,rapid_heart_rate,excessive_thirst,low_blood_pressure"
Cholera, diarrhoea, dehydration, sunken_eyes, muscle_cramps, weakness, rapid_heart_rate, excessive_thirst, low_blood_pressure,,,,,,,,,,36.0-37.0°C / 96.8-98.6°F,"Start oral rehydration solution immediately and seek emergency care — cholera can cause fatal dehydration within hours. Boil or chemically treat drinking water, wash hands with soap, and safely dispose of waste to prevent spread during outbreaks.","diarrhoea,dehydration,sunken_eyes,muscle_cramps,weakness,rapid_heart_rate,excessive_thirst,low_blood_pressure"
Cholera, diarrhoea, vomiting, sunken_eyes, muscle_cramps, weakness, rapid_heart_rate, excessive_thirst, low_blood_pressure,,,,,,,,,,36.0-37.0°C / 96.8-98.6°F,"Start oral rehydration solution immediately and seek emergency care — cholera can cause fatal dehydration within hours. Boil or chemically treat drinking water, wash hands with soap, and safely dispose of waste to prevent spread during outbreaks.","diarrhoea,vomiting,sunken_eyes,muscle_cramps,weakness,rapid_heart_rate,excessive_thirst,low_blood_pressure"
Cholera, diarrhoea, vomiting, dehydration, muscle_cramps, weakness, rapid_heart_rate, excessive_thirst, low_blood_pressure,,,,,,,,,,36.0-37.0°C / 96.8-98.6°F,"Start oral rehydration solution immediately and seek emergency care — cholera can cause fatal dehydration within hours. Boil or chemically treat drinking water, wash hands with soap, and safely dispose of waste to prevent spread during outbreaks.","diarrhoea,vomiting,dehydration,muscle_cramps,weakness,rapid_heart_rate,excessive_thirst,low_blood_pressure"
Schistosomiasis (Bilharzia), blood_in_urine, abdominal_pain, diarrhoea, itching, fatigue, fever, blood_in_stool, painful_urination,,,,,,,,,,37.5-39.0°C / 99.5-102.2°F,"Avoid swimming, wading, or washing in untreated freshwater lakes and rivers where snails carrying the parasite live. See a doctor for antiparasitic treatment (e.g., praziquantel); blood in urine or stool needs prompt evaluation.","blood_in_urine,abdominal_pain,diarrhoea,itching,fatigue,fever,blood_in_stool,painful_urination"
Schistosomiasis (Bilharzia), abdominal_pain, diarrhoea, itching, fatigue, fever, blood_in_stool, painful_urination,,,,,,,,,,,37.5-39.0°C / 99.5-102.2°F,"Avoid swimming, wading, or washing in untreated freshwater lakes and rivers where snails carrying the parasite live. See a doctor for antiparasitic treatment (e.g., praziquantel); blood in urine or stool needs prompt evaluation.","abdominal_pain,diarrhoea,itching,fatigue,fever,blood_in_stool,painful_urination"
Schistosomiasis (Bilharzia), blood_in_urine, diarrhoea, itching, fatigue, fever, blood_in_stool, painful_urination,,,,,,,,,,,37.5-39.0°C / 99.5-102.2°F,"Avoid swimming, wading, or washing in untreated freshwater lakes and rivers where snails carrying the parasite live. See a doctor for antiparasitic treatment (e.g., praziquantel); blood in urine or stool needs prompt evaluation.","blood_in_urine,diarrhoea,itching,fatigue,fever,blood_in_stool,painful_urination"
Schistosomiasis (Bilharzia), blood_in_urine, abdominal_pain, itching, fatigue, fever, blood_in_stool, painful_urination,,,,,,,,,,,37.5-39.0°C / 99.5-102.2°F,"Avoid swimming, wading, or washing in untreated freshwater lakes and rivers where snails carrying the parasite live. See a doctor for antiparasitic treatment (e.g., praziquantel); blood in urine or stool needs prompt evaluation.","blood_in_urine,abdominal_pain,itching,fatigue,fever,blood_in_stool,painful_urination"
Schistosomiasis (Bilharzia), blood_in_urine, abdominal_pain, diarrhoea, fatigue, fever, blood_in_stool, painful_urination,,,,,,,,,,,37.5-39.0°C / 99.5-102.2°F,"Avoid swimming, wading, or washing in untreated freshwater lakes and rivers where snails carrying the parasite live. See a doctor for antiparasitic treatment (e.g., praziquantel); blood in urine or stool needs prompt evaluation.","blood_in_urine,abdominal_pain,diarrhoea,fatigue,fever,blood_in_stool,painful_urination"
Measles, high_fever, cough, runny_nose, redness_of_eyes, skin_rash, sore_throat, watering_from_eyes, loss_of_appetite,,,,,,,,,,39.0-40.5°C / 102.2-104.9°F,"Isolate to prevent spread, rest, stay hydrated, and manage fever with paracetamol. Vitamin A supplementation is recommended in children. Seek urgent care for breathing difficulty, persistent high fever, or signs of complications like pneumonia — measles vaccination prevents it entirely.","high_fever,cough,runny_nose,redness_of_eyes,skin_rash,sore_throat,watering_from_eyes,loss_of_appetite"
Measles, cough, runny_nose, redness_of_eyes, skin_rash, sore_throat, watering_from_eyes, loss_of_appetite,,,,,,,,,,,39.0-40.5°C / 102.2-104.9°F,"Isolate to prevent spread, rest, stay hydrated, and manage fever with paracetamol. Vitamin A supplementation is recommended in children. Seek urgent care for breathing difficulty, persistent high fever, or signs of complications like pneumonia — measles vaccination prevents it entirely.","cough,runny_nose,redness_of_eyes,skin_rash,sore_throat,watering_from_eyes,loss_of_appetite"
Measles, high_fever, runny_nose, redness_of_eyes, skin_rash, sore_throat, watering_from_eyes, loss_of_appetite,,,,,,,,,,,39.0-40.5°C / 102.2-104.9°F,"Isolate to prevent spread, rest, stay hydrated, and manage fever with paracetamol. Vitamin A supplementation is recommended in children. Seek urgent care for breathing difficulty, persistent high fever, or signs of complications like pneumonia — measles vaccination prevents it entirely.","high_fever,runny_nose,redness_of_eyes,skin_rash,sore_throat,watering_from_eyes,loss_of_appetite"
Measles, high_fever, cough, redness_of_eyes, skin_rash, sore_throat, watering_from_eyes, loss_of_appetite,,,,,,,,,,,39.0-40.5°C / 102.2-104.9°F,"Isolate to prevent spread, rest, stay hydrated, and manage fever with paracetamol. Vitamin A supplementation is recommended in children. Seek urgent care for breathing difficulty, persistent high fever, or signs of complications like pneumonia — measles vaccination prevents it entirely.","high_fever,cough,redness_of_eyes,skin_rash,sore_throat,watering_from_eyes,loss_of_appetite"
Measles, high_fever, cough, runny_nose, skin_rash, sore_throat, watering_from_eyes, loss_of_appetite,,,,,,,,,,,39.0-40.5°C / 102.2-104.9°F,"Isolate to prevent spread, rest, stay hydrated, and manage fever with paracetamol. Vitamin A supplementation is recommended in children. Seek urgent care for breathing difficulty, persistent high fever, or signs of complications like pneumonia — measles vaccination prevents it entirely.","high_fever,cough,runny_nose,skin_rash,sore_throat,watering_from_eyes,loss_of_appetite"
Rabies, fever, headache, hydrophobia, agitation, confusion, muscle_spasms, excessive_salivation, paralysis,,,,,,,,,,38.0-40.0°C / 100.4-104°F,"This is a medical emergency once symptoms begin — rabies is almost always fatal at this stage. After any animal bite (especially dogs), wash the wound thoroughly with soap and water immediately and seek post-exposure vaccination without delay, before symptoms appear.","fever,headache,hydrophobia,agitation,confusion,muscle_spasms,excessive_salivation,paralysis"
Rabies, headache, hydrophobia, agitation, confusion, muscle_spasms, excessive_salivation, paralysis,,,,,,,,,,,38.0-40.0°C / 100.4-104°F,"This is a medical emergency once symptoms begin — rabies is almost always fatal at this stage. After any animal bite (especially dogs), wash the wound thoroughly with soap and water immediately and seek post-exposure vaccination without delay, before symptoms appear.","headache,hydrophobia,agitation,confusion,muscle_spasms,excessive_salivation,paralysis"
Rabies, fever, hydrophobia, agitation, confusion, muscle_spasms, excessive_salivation, paralysis,,,,,,,,,,,38.0-40.0°C / 100.4-104°F,"This is a medical emergency once symptoms begin — rabies is almost always fatal at this stage. After any animal bite (especially dogs), wash the wound thoroughly with soap and water immediately and seek post-exposure vaccination without delay, before symptoms appear.","fever,hydrophobia,agitation,confusion,muscle_spasms,excessive_salivation,paralysis"
Rabies, fever, headache, agitation, confusion, muscle_spasms, excessive_salivation, paralysis,,,,,,,,,,,38.0-40.0°C / 100.4-104°F,"This is a medical emergency once symptoms begin — rabies is almost always fatal at this stage. After any animal bite (especially dogs), wash the wound thoroughly with soap and water immediately and seek post-exposure vaccination without delay, before symptoms appear.","fever,headache,agitation,confusion,muscle_spasms,excessive_salivation,paralysis"
Rabies, fever, headache, hydrophobia, confusion, muscle_spasms, excessive_salivation, paralysis,,,,,,,,,,,38.0-40.0°C / 100.4-104°F,"This is a medical emergency once symptoms begin — rabies is almost always fatal at this stage. After any animal bite (especially dogs), wash the wound thoroughly with soap and water immediately and seek post-exposure vaccination without delay, before symptoms appear.","fever,headache,hydrophobia,confusion,muscle_spasms,excessive_salivation,paralysis"
Scabies, itching, skin_rash, burrow_marks, sores_between_fingers, restlessness,,,,,,,,,,,,,36.1-37.2°C / 97-99°F,"Apply prescribed scabicide cream (e.g., permethrin) to the whole body as directed, and treat household/close contacts at the same time to prevent reinfection. Wash clothing and bedding in hot water. See a doctor if itching persists after treatment.","itching,skin_rash,burrow_marks,sores_between_fingers,restlessness"
Scabies, skin_rash, burrow_marks, sores_between_fingers, restlessness,,,,,,,,,,,,,,36.1-37.2°C / 97-99°F,"Apply prescribed scabicide cream (e.g., permethrin) to the whole body as directed, and treat household/close contacts at the same time to prevent reinfection. Wash clothing and bedding in hot water. See a doctor if itching persists after treatment.","skin_rash,burrow_marks,sores_between_fingers,restlessness"
Scabies, itching, burrow_marks, sores_between_fingers, restlessness,,,,,,,,,,,,,,36.1-37.2°C / 97-99°F,"Apply prescribed scabicide cream (e.g., permethrin) to the whole body as directed, and treat household/close contacts at the same time to prevent reinfection. Wash clothing and bedding in hot water. See a doctor if itching persists after treatment.","itching,burrow_marks,sores_between_fingers,restlessness"
Scabies, itching, skin_rash, sores_between_fingers, restlessness,,,,,,,,,,,,,,36.1-37.2°C / 97-99°F,"Apply prescribed scabicide cream (e.g., permethrin) to the whole body as directed, and treat household/close contacts at the same time to prevent reinfection. Wash clothing and bedding in hot water. See a doctor if itching persists after treatment.","itching,skin_rash,sores_between_fingers,restlessness"
Scabies, itching, skin_rash, burrow_marks, restlessness,,,,,,,,,,,,,,36.1-37.2°C / 97-99°F,"Apply prescribed scabicide cream (e.g., permethrin) to the whole body as directed, and treat household/close contacts at the same time to prevent reinfection. Wash clothing and bedding in hot water. See a doctor if itching persists after treatment.","itching,skin_rash,burrow_marks,restlessness"
Trachoma, eye_irritation, eye_discharge, swollen_eyelids, blurred_and_distorted_vision, eye_pain, sensitivity_to_light,,,,,,,,,,,,36.1-37.2°C / 97-99°F,"Keep the face and hands clean to limit spread, and seek prompt treatment with antibiotics (e.g., azithromycin) to prevent scarring. Untreated repeated infections can lead to blindness — see an eye clinic early, especially for children with eye discharge.","eye_irritation,eye_discharge,swollen_eyelids,blurred_and_distorted_vision,eye_pain,sensitivity_to_light"
Trachoma, eye_discharge, swollen_eyelids, blurred_and_distorted_vision, eye_pain, sensitivity_to_light,,,,,,,,,,,,,36.1-37.2°C / 97-99°F,"Keep the face and hands clean to limit spread, and seek prompt treatment with antibiotics (e.g., azithromycin) to prevent scarring. Untreated repeated infections can lead to blindness — see an eye clinic early, especially for children with eye discharge.","eye_discharge,swollen_eyelids,blurred_and_distorted_vision,eye_pain,sensitivity_to_light"
Trachoma, eye_irritation, swollen_eyelids, blurred_and_distorted_vision, eye_pain, sensitivity_to_light,,,,,,,,,,,,,36.1-37.2°C / 97-99°F,"Keep the face and hands clean to limit spread, and seek prompt treatment with antibiotics (e.g., azithromycin) to prevent scarring. Untreated repeated infections can lead to blindness — see an eye clinic early, especially for children with eye discharge.","eye_irritation,swollen_eyelids,blurred_and_distorted_vision,eye_pain,sensitivity_to_light"
Trachoma, eye_irritation, eye_discharge, blurred_and_distorted_vision, eye_pain, sensitivity_to_light,,,,,,,,,,,,,36.1-37.2°C / 97-99°F,"Keep the face and hands clean to limit spread, and seek prompt treatment with antibiotics (e.g., azithromycin) to prevent scarring. Untreated repeated infections can lead to blindness — see an eye clinic early, especially for children with eye discharge.","eye_irritation,eye_discharge,blurred_and_distorted_vision,eye_pain,sensitivity_to_light"
Trachoma, eye_irritation, eye_discharge, swollen_eyelids, eye_pain, sensitivity_to_light,,,,,,,,,,,,,36.1-37.2°C / 97-99°F,"Keep the face and hands clean to limit spread, and seek prompt treatment with antibiotics (e.g., azithromycin) to prevent scarring. Untreated repeated infections can lead to blindness — see an eye clinic early, especially for children with eye discharge.","eye_irritation,eye_discharge,swollen_eyelids,eye_pain,sensitivity_to_light"
Severe Acute Malnutrition (Kwashiorkor), swelling_of_feet, stunted_growth, hair_color_changes, skin_lesions, irritability, fatigue, distention_of_abdomen, loss_of_appetite,,,,,,,,,,35.5-37.0°C / 95.9-98.6°F,"Needs prompt medical and nutritional support — therapeutic feeding programs (e.g., ready-to-use therapeutic food) are effective. Seek care at a clinic or nutrition rehabilitation unit promptly; severe cases with swelling or infection need hospitalization.","swelling_of_feet,stunted_growth,hair_color_changes,skin_lesions,irritability,fatigue,distention_of_abdomen,loss_of_appetite"
Severe Acute Malnutrition (Kwashiorkor), stunted_growth, hair_color_changes, skin_lesions, irritability, fatigue, distention_of_abdomen, loss_of_appetite,,,,,,,,,,,35.5-37.0°C / 95.9-98.6°F,"Needs prompt medical and nutritional support — therapeutic feeding programs (e.g., ready-to-use therapeutic food) are effective. Seek care at a clinic or nutrition rehabilitation unit promptly; severe cases with swelling or infection need hospitalization.","stunted_growth,hair_color_changes,skin_lesions,irritability,fatigue,distention_of_abdomen,loss_of_appetite"
Severe Acute Malnutrition (Kwashiorkor), swelling_of_feet, hair_color_changes, skin_lesions, irritability, fatigue, distention_of_abdomen, loss_of_appetite,,,,,,,,,,,35.5-37.0°C / 95.9-98.6°F,"Needs prompt medical and nutritional support — therapeutic feeding programs (e.g., ready-to-use therapeutic food) are effective. Seek care at a clinic or nutrition rehabilitation unit promptly; severe cases with swelling or infection need hospitalization.","swelling_of_feet,hair_color_changes,skin_lesions,irritability,fatigue,distention_of_abdomen,loss_of_appetite"
Severe Acute Malnutrition (Kwashiorkor), swelling_of_feet, stunted_growth, skin_lesions, irritability, fatigue, distention_of_abdomen, loss_of_appetite,,,,,,,,,,,35.5-37.0°C / 95.9-98.6°F,"Needs prompt medical and nutritional support — therapeutic feeding programs (e.g., ready-to-use therapeutic food) are effective. Seek care at a clinic or nutrition rehabilitation unit promptly; severe cases with swelling or infection need hospitalization.","swelling_of_feet,stunted_growth,skin_lesions,irritability,fatigue,distention_of_abdomen,loss_of_appetite"
Severe Acute Malnutrition (Kwashiorkor), swelling_of_feet, stunted_growth, hair_color_changes, irritability, fatigue, distention_of_abdomen, loss_of_appetite,,,,,,,,,,,35.5-37.0°C / 95.9-98.6°F,"Needs prompt medical and nutritional support — therapeutic feeding programs (e.g., ready-to-use therapeutic food) are effective. Seek care at a clinic or nutrition rehabilitation unit promptly; severe cases with swelling or infection need hospitalization.","swelling_of_feet,stunted_growth,hair_color_changes,irritability,fatigue,distention_of_abdomen,loss_of_appetite"
Anemia (Iron-deficiency), fatigue, pale_skin, breathlessness, dizziness, weakness_in_limbs, brittle_nails, headache,,,,,,,,,,,36.1-37.2°C / 97-99°F,"Eat iron-rich foods (leafy greens, beans, meat) and consider iron supplementation as advised by a health worker. See a doctor to identify the underlying cause (diet, parasites, or bleeding), especially in pregnant women and young children who are most at risk.","fatigue,pale_skin,breathlessness,dizziness,weakness_in_limbs,brittle_nails,headache"
Anemia (Iron-deficiency), pale_skin, breathlessness, dizziness, weakness_in_limbs, brittle_nails, headache,,,,,,,,,,,,36.1-37.2°C / 97-99°F,"Eat iron-rich foods (leafy greens, beans, meat) and consider iron supplementation as advised by a health worker. See a doctor to identify the underlying cause (diet, parasites, or bleeding), especially in pregnant women and young children who are most at risk.","pale_skin,breathlessness,dizziness,weakness_in_limbs,brittle_nails,headache"
Anemia (Iron-deficiency), fatigue, breathlessness, dizziness, weakness_in_limbs, brittle_nails, headache,,,,,,,,,,,,36.1-37.2°C / 97-99°F,"Eat iron-rich foods (leafy greens, beans, meat) and consider iron supplementation as advised by a health worker. See a doctor to identify the underlying cause (diet, parasites, or bleeding), especially in pregnant women and young children who are most at risk.","fatigue,breathlessness,dizziness,weakness_in_limbs,brittle_nails,headache"
Anemia (Iron-deficiency), fatigue, pale_skin, dizziness, weakness_in_limbs, brittle_nails, headache,,,,,,,,,,,,36.1-37.2°C / 97-99°F,"Eat iron-rich foods (leafy greens, beans, meat) and consider iron supplementation as advised by a health worker. See a doctor to identify the underlying cause (diet, parasites, or bleeding), especially in pregnant women and young children who are most at risk.","fatigue,pale_skin,dizziness,weakness_in_limbs,brittle_nails,headache"
Anemia (Iron-deficiency), fatigue, pale_skin, breathlessness, weakness_in_limbs, brittle_nails, headache,,,,,,,,,,,,36.1-37.2°C / 97-99°F,"Eat iron-rich foods (leafy greens, beans, meat) and consider iron supplementation as advised by a health worker. See a doctor to identify the underlying cause (diet, parasites, or bleeding), especially in pregnant women and young children who are most at risk.","fatigue,pale_skin,breathlessness,weakness_in_limbs,brittle_nails,headache"
Syphilis, genital_sore, skin_rash, swollen_lymph_nodes, fever, fatigue, sore_throat, hair_loss,,,,,,,,,,,37.5-38.5°C / 99.5-101.3°F,"See a clinic promptly for testing and a full course of antibiotics (usually penicillin) — it's fully curable in early stages but serious if untreated. Sexual partners should also be tested and treated, and condom use reduces transmission risk.","genital_sore,skin_rash,swollen_lymph_nodes,fever,fatigue,sore_throat,hair_loss"
Syphilis, skin_rash, swollen_lymph_nodes, fever, fatigue, sore_throat, hair_loss,,,,,,,,,,,,37.5-38.5°C / 99.5-101.3°F,"See a clinic promptly for testing and a full course of antibiotics (usually penicillin) — it's fully curable in early stages but serious if untreated. Sexual partners should also be tested and treated, and condom use reduces transmission risk.","skin_rash,swollen_lymph_nodes,fever,fatigue,sore_throat,hair_loss"
Syphilis, genital_sore, swollen_lymph_nodes, fever, fatigue, sore_throat, hair_loss,,,,,,,,,,,,37.5-38.5°C / 99.5-101.3°F,"See a clinic promptly for testing and a full course of antibiotics (usually penicillin) — it's fully curable in early stages but serious if untreated. Sexual partners should also be tested and treated, and condom use reduces transmission risk.","genital_sore,swollen_lymph_nodes,fever,fatigue,sore_throat,hair_loss"
Syphilis, genital_sore, skin_rash, fever, fatigue, sore_throat, hair_loss,,,,,,,,,,,,37.5-38.5°C / 99.5-101.3°F,"See a clinic promptly for testing and a full course of antibiotics (usually penicillin) — it's fully curable in early stages but serious if untreated. Sexual partners should also be tested and treated, and condom use reduces transmission risk.","genital_sore,skin_rash,fever,fatigue,sore_throat,hair_loss"
Syphilis, genital_sore, skin_rash, swollen_lymph_nodes, fatigue, sore_throat, hair_loss,,,,,,,,,,,,37.5-38.5°C / 99.5-101.3°F,"See a clinic promptly for testing and a full course of antibiotics (usually penicillin) — it's fully curable in early stages but serious if untreated. Sexual partners should also be tested and treated, and condom use reduces transmission risk.","genital_sore,skin_rash,swollen_lymph_nodes,fatigue,sore_throat,hair_loss"
Gonorrhea, painful_urination, genital_discharge, pelvic_pain, testicular_pain, abnormal_vaginal_discharge, sore_throat,,,,,,,,,,,,36.1-37.5°C / 97-99.5°F,"Seek prompt testing and antibiotic treatment at a clinic; avoid sexual contact until treatment is complete. Partners should be treated too, and follow-up testing is important given rising antibiotic resistance.","painful_urination,genital_discharge,pelvic_pain,testicular_pain,abnormal_vaginal_discharge,sore_throat"
Gonorrhea, genital_discharge, pelvic_pain, testicular_pain, abnormal_vaginal_discharge, sore_throat,,,,,,,,,,,,,36.1-37.5°C / 97-99.5°F,"Seek prompt testing and antibiotic treatment at a clinic; avoid sexual contact until treatment is complete. Partners should be treated too, and follow-up testing is important given rising antibiotic resistance.","genital_discharge,pelvic_pain,testicular_pain,abnormal_vaginal_discharge,sore_throat"
Gonorrhea, painful_urination, pelvic_pain, testicular_pain, abnormal_vaginal_discharge, sore_throat,,,,,,,,,,,,,36.1-37.5°C / 97-99.5°F,"Seek prompt testing and antibiotic treatment at a clinic; avoid sexual contact until treatment is complete. Partners should be treated too, and follow-up testing is important given rising antibiotic resistance.","painful_urination,pelvic_pain,testicular_pain,abnormal_vaginal_discharge,sore_throat"
Gonorrhea, painful_urination, genital_discharge, testicular_pain, abnormal_vaginal_discharge, sore_throat,,,,,,,,,,,,,36.1-37.5°C / 97-99.5°F,"Seek prompt testing and antibiotic treatment at a clinic; avoid sexual contact until treatment is complete. Partners should be treated too, and follow-up testing is important given rising antibiotic resistance.","painful_urination,genital_discharge,testicular_pain,abnormal_vaginal_discharge,sore_throat"
Gonorrhea, painful_urination, genital_discharge, pelvic_pain, abnormal_vaginal_discharge, sore_throat,,,,,,,,,,,,,36.1-37.5°C / 97-99.5°F,"Seek prompt testing and antibiotic treatment at a clinic; avoid sexual contact until treatment is complete. Partners should be treated too, and follow-up testing is important given rising antibiotic resistance.","painful_urination,genital_discharge,pelvic_pain,abnormal_vaginal_discharge,sore_throat"
Cryptococcal Meningitis, severe_headache, neck_stiffness, fever, confusion, sensitivity_to_light, nausea, vomiting, blurred_and_distorted_vision,,,,,,,,,,38.0-39.5°C / 100.4-103.1°F,"This is a medical emergency, especially in people living with HIV with low CD4 counts — seek immediate hospital care for antifungal treatment and lumbar puncture. Regular HIV care and cryptococcal antigen screening help catch it early.","severe_headache,neck_stiffness,fever,confusion,sensitivity_to_light,nausea,vomiting,blurred_and_distorted_vision"
Cryptococcal Meningitis, neck_stiffness, fever, confusion, sensitivity_to_light, nausea, vomiting, blurred_and_distorted_vision,,,,,,,,,,,38.0-39.5°C / 100.4-103.1°F,"This is a medical emergency, especially in people living with HIV with low CD4 counts — seek immediate hospital care for antifungal treatment and lumbar puncture. Regular HIV care and cryptococcal antigen screening help catch it early.","neck_stiffness,fever,confusion,sensitivity_to_light,nausea,vomiting,blurred_and_distorted_vision"
Cryptococcal Meningitis, severe_headache, fever, confusion, sensitivity_to_light, nausea, vomiting, blurred_and_distorted_vision,,,,,,,,,,,38.0-39.5°C / 100.4-103.1°F,"This is a medical emergency, especially in people living with HIV with low CD4 counts — seek immediate hospital care for antifungal treatment and lumbar puncture. Regular HIV care and cryptococcal antigen screening help catch it early.","severe_headache,fever,confusion,sensitivity_to_light,nausea,vomiting,blurred_and_distorted_vision"
Cryptococcal Meningitis, severe_headache, neck_stiffness, confusion, sensitivity_to_light, nausea, vomiting, blurred_and_distorted_vision,,,,,,,,,,,38.0-39.5°C / 100.4-103.1°F,"This is a medical emergency, especially in people living with HIV with low CD4 counts — seek immediate hospital care for antifungal treatment and lumbar puncture. Regular HIV care and cryptococcal antigen screening help catch it early.","severe_headache,neck_stiffness,confusion,sensitivity_to_light,nausea,vomiting,blurred_and_distorted_vision"
Cryptococcal Meningitis, severe_headache, neck_stiffness, fever, sensitivity_to_light, nausea, vomiting, blurred_and_distorted_vision,,,,,,,,,,,38.0-39.5°C / 100.4-103.1°F,"This is a medical emergency, especially in people living with HIV with low CD4 counts — seek immediate hospital care for antifungal treatment and lumbar puncture. Regular HIV care and cryptococcal antigen screening help catch it early.","severe_headache,neck_stiffness,fever,sensitivity_to_light,nausea,vomiting,blurred_and_distorted_vision"
Pertussis (Whooping Cough), severe_cough, whooping_sound, vomiting, fatigue, runny_nose, mild_fever,,,,,,,,,,,,37.5-38.5°C / 99.5-101.3°F,"Seek medical care promptly, especially for infants, as it can be dangerous in young children. Complete the vaccination schedule (DTP) to prevent it, keep the person hydrated, and isolate from unvaccinated infants and pregnant women during the infectious period.","severe_cough,whooping_sound,vomiting,fatigue,runny_nose,mild_fever"
Pertussis (Whooping Cough), whooping_sound, vomiting, fatigue, runny_nose, mild_fever,,,,,,,,,,,,,37.5-38.5°C / 99.5-101.3°F,"Seek medical care promptly, especially for infants, as it can be dangerous in young children. Complete the vaccination schedule (DTP) to prevent it, keep the person hydrated, and isolate from unvaccinated infants and pregnant women during the infectious period.","whooping_sound,vomiting,fatigue,runny_nose,mild_fever"
Pertussis (Whooping Cough), severe_cough, vomiting, fatigue, runny_nose, mild_fever,,,,,,,,,,,,,37.5-38.5°C / 99.5-101.3°F,"Seek medical care promptly, especially for infants, as it can be dangerous in young children. Complete the vaccination schedule (DTP) to prevent it, keep the person hydrated, and isolate from unvaccinated infants and pregnant women during the infectious period.","severe_cough,vomiting,fatigue,runny_nose,mild_fever"
Pertussis (Whooping Cough), severe_cough, whooping_sound, fatigue, runny_nose, mild_fever,,,,,,,,,,,,,37.5-38.5°C / 99.5-101.3°F,"Seek medical care promptly, especially for infants, as it can be dangerous in young children. Complete the vaccination schedule (DTP) to prevent it, keep the person hydrated, and isolate from unvaccinated infants and pregnant women during the infectious period.","severe_cough,whooping_sound,fatigue,runny_nose,mild_fever"
Pertussis (Whooping Cough), severe_cough, whooping_sound, vomiting, runny_nose, mild_fever,,,,,,,,,,,,,37.5-38.5°C / 99.5-101.3°F,"Seek medical care promptly, especially for infants, as it can be dangerous in young children. Complete the vaccination schedule (DTP) to prevent it, keep the person hydrated, and isolate from unvaccinated infants and pregnant women during the infectious period.","severe_cough,whooping_sound,vomiting,runny_nose,mild_fever"
Tetanus, muscle_stiffness, jaw_cramping, muscle_spasms, difficulty_swallowing, fever, sweating, rapid_heart_rate,,,,,,,,,,,38.0-40.0°C / 100.4-104°F,"This is a medical emergency requiring hospital care, including a tetanus antitoxin and wound management. Clean any wound thoroughly and get a tetanus booster after injuries, especially deep or dirty cuts; keep vaccinations up to date to prevent it.","muscle_stiffness,jaw_cramping,muscle_spasms,difficulty_swallowing,fever,sweating,rapid_heart_rate"
Tetanus, jaw_cramping, muscle_spasms, difficulty_swallowing, fever, sweating, rapid_heart_rate,,,,,,,,,,,,38.0-40.0°C / 100.4-104°F,"This is a medical emergency requiring hospital care, including a tetanus antitoxin and wound management. Clean any wound thoroughly and get a tetanus booster after injuries, especially deep or dirty cuts; keep vaccinations up to date to prevent it.","jaw_cramping,muscle_spasms,difficulty_swallowing,fever,sweating,rapid_heart_rate"
Tetanus, muscle_stiffness, muscle_spasms, difficulty_swallowing, fever, sweating, rapid_heart_rate,,,,,,,,,,,,38.0-40.0°C / 100.4-104°F,"This is a medical emergency requiring hospital care, including a tetanus antitoxin and wound management. Clean any wound thoroughly and get a tetanus booster after injuries, especially deep or dirty cuts; keep vaccinations up to date to prevent it.","muscle_stiffness,muscle_spasms,difficulty_swallowing,fever,sweating,rapid_heart_rate"
Tetanus, muscle_stiffness, jaw_cramping, difficulty_swallowing, fever, sweating, rapid_heart_rate,,,,,,,,,,,,38.0-40.0°C / 100.4-104°F,"This is a medical emergency requiring hospital care, including a tetanus antitoxin and wound management. Clean any wound thoroughly and get a tetanus booster after injuries, especially deep or dirty cuts; keep vaccinations up to date to prevent it.","muscle_stiffness,jaw_cramping,difficulty_swallowing,fever,sweating,rapid_heart_rate"
Tetanus, muscle_stiffness, jaw_cramping, muscle_spasms, fever, sweating, rapid_heart_rate,,,,,,,,,,,,38.0-40.0°C / 100.4-104°F,"This is a medical emergency requiring hospital care, including a tetanus antitoxin and wound management. Clean any wound thoroughly and get a tetanus booster after injuries, especially deep or dirty cuts; keep vaccinations up to date to prevent it.","muscle_stiffness,jaw_cramping,muscle_spasms,fever,sweating,rapid_heart_rate"
Hookworm Infection, abdominal_pain, diarrhoea, fatigue, pale_skin, itching, weight_loss, loss_of_appetite,,,,,,,,,,,36.5-38°C / 97.7-100.4°F,"See a clinic for deworming medication (e.g., albendazole), which is usually highly effective. Wear shoes when walking on soil, improve sanitation, and treat drinking water to prevent reinfection; iron-rich foods help with related anemia.","abdominal_pain,diarrhoea,fatigue,pale_skin,itching,weight_loss,loss_of_appetite"
Hookworm Infection, diarrhoea, fatigue, pale_skin, itching, weight_loss, loss_of_appetite,,,,,,,,,,,,36.5-38°C / 97.7-100.4°F,"See a clinic for deworming medication (e.g., albendazole), which is usually highly effective. Wear shoes when walking on soil, improve sanitation, and treat drinking water to prevent reinfection; iron-rich foods help with related anemia.","diarrhoea,fatigue,pale_skin,itching,weight_loss,loss_of_appetite"
Hookworm Infection, abdominal_pain, fatigue, pale_skin, itching, weight_loss, loss_of_appetite,,,,,,,,,,,,36.5-38°C / 97.7-100.4°F,"See a clinic for deworming medication (e.g., albendazole), which is usually highly effective. Wear shoes when walking on soil, improve sanitation, and treat drinking water to prevent reinfection; iron-rich foods help with related anemia.","abdominal_pain,fatigue,pale_skin,itching,weight_loss,loss_of_appetite"
Hookworm Infection, abdominal_pain, diarrhoea, pale_skin, itching, weight_loss, loss_of_appetite,,,,,,,,,,,,36.5-38°C / 97.7-100.4°F,"See a clinic for deworming medication (e.g., albendazole), which is usually highly effective. Wear shoes when walking on soil, improve sanitation, and treat drinking water to prevent reinfection; iron-rich foods help with related anemia.","abdominal_pain,diarrhoea,pale_skin,itching,weight_loss,loss_of_appetite"
Hookworm Infection, abdominal_pain, diarrhoea, fatigue, itching, weight_loss, loss_of_appetite,,,,,,,,,,,,36.5-38°C / 97.7-100.4°F,"See a clinic for deworming medication (e.g., albendazole), which is usually highly effective. Wear shoes when walking on soil, improve sanitation, and treat drinking water to prevent reinfection; iron-rich foods help with related anemia.","abdominal_pain,diarrhoea,fatigue,itching,weight_loss,loss_of_appetite"
Dysentery (Shigellosis), bloody_diarrhoea, abdominal_cramps, fever, urgency_to_defecate, nausea, dehydration,,,,,,,,,,,,38.0-39.5°C / 100.4-103.1°F,"Stay hydrated with oral rehydration solution and seek medical care, especially for blood in stool or high fever — antibiotics may be needed. Wash hands with soap after using the toilet and before eating to prevent spread.","bloody_diarrhoea,abdominal_cramps,fever,urgency_to_defecate,nausea,dehydration"
Dysentery (Shigellosis), abdominal_cramps, fever, urgency_to_defecate, nausea, dehydration,,,,,,,,,,,,,38.0-39.5°C / 100.4-103.1°F,"Stay hydrated with oral rehydration solution and seek medical care, especially for blood in stool or high fever — antibiotics may be needed. Wash hands with soap after using the toilet and before eating to prevent spread.","abdominal_cramps,fever,urgency_to_defecate,nausea,dehydration"
Dysentery (Shigellosis), bloody_diarrhoea, fever, urgency_to_defecate, nausea, dehydration,,,,,,,,,,,,,38.0-39.5°C / 100.4-103.1°F,"Stay hydrated with oral rehydration solution and seek medical care, especially for blood in stool or high fever — antibiotics may be needed. Wash hands with soap after using the toilet and before eating to prevent spread.","bloody_diarrhoea,fever,urgency_to_defecate,nausea,dehydration"
Dysentery (Shigellosis), bloody_diarrhoea, abdominal_cramps, urgency_to_defecate, nausea, dehydration,,,,,,,,,,,,,38.0-39.5°C / 100.4-103.1°F,"Stay hydrated with oral rehydration solution and seek medical care, especially for blood in stool or high fever — antibiotics may be needed. Wash hands with soap after using the toilet and before eating to prevent spread.","bloody_diarrhoea,abdominal_cramps,urgency_to_defecate,nausea,dehydration"
Dysentery (Shigellosis), bloody_diarrhoea, abdominal_cramps, fever, nausea, dehydration,,,,,,,,,,,,,38.0-39.5°C / 100.4-103.1°F,"Stay hydrated with oral rehydration solution and seek medical care, especially for blood in stool or high fever — antibiotics may be needed. Wash hands with soap after using the toilet and before eating to prevent spread.","bloody_diarrhoea,abdominal_cramps,fever,nausea,dehydration"
COVID-19, fever, cough, fatigue, loss_of_smell, loss_of_taste, breathlessness, sore_throat, muscle_pain,,,,,,,,,,38.0-39.5°C / 100.4-103.1°F,"Isolate to avoid spreading it, rest, stay hydrated, and monitor symptoms. Seek urgent care for breathlessness, chest pain, or confusion. Vaccination and good ventilation help reduce transmission and severity.","fever,cough,fatigue,loss_of_smell,loss_of_taste,breathlessness,sore_throat,muscle_pain"
COVID-19, cough, fatigue, loss_of_smell, loss_of_taste, breathlessness, sore_throat, muscle_pain,,,,,,,,,,,38.0-39.5°C / 100.4-103.1°F,"Isolate to avoid spreading it, rest, stay hydrated, and monitor symptoms. Seek urgent care for breathlessness, chest pain, or confusion. Vaccination and good ventilation help reduce transmission and severity.","cough,fatigue,loss_of_smell,loss_of_taste,breathlessness,sore_throat,muscle_pain"
COVID-19, fever, fatigue, loss_of_smell, loss_of_taste, breathlessness, sore_throat, muscle_pain,,,,,,,,,,,38.0-39.5°C / 100.4-103.1°F,"Isolate to avoid spreading it, rest, stay hydrated, and monitor symptoms. Seek urgent care for breathlessness, chest pain, or confusion. Vaccination and good ventilation help reduce transmission and severity.","fever,fatigue,loss_of_smell,loss_of_taste,breathlessness,sore_throat,muscle_pain"
COVID-19, fever, cough, loss_of_smell, loss_of_taste, breathlessness, sore_throat, muscle_pain,,,,,,,,,,,38.0-39.5°C / 100.4-103.1°F,"Isolate to avoid spreading it, rest, stay hydrated, and monitor symptoms. Seek urgent care for breathlessness, chest pain, or confusion. Vaccination and good ventilation help reduce transmission and severity.","fever,cough,loss_of_smell,loss_of_taste,breathlessness,sore_throat,muscle_pain"
COVID-19, fever, cough, fatigue, loss_of_taste, breathlessness, sore_throat, muscle_pain,,,,,,,,,,,38.0-39.5°C / 100.4-103.1°F,"Isolate to avoid spreading it, rest, stay hydrated, and monitor symptoms. Seek urgent care for breathlessness, chest pain, or confusion. Vaccination and good ventilation help reduce transmission and severity.","fever,cough,fatigue,loss_of_taste,breathlessness,sore_throat,muscle_pain"
African trypanosomiasis,fever,headache,swollen_lymph_nodes,joint_pain,daytime_sleepiness,confusion,,,,,,,,,,,,38.0-40.0°C / 100.4-104°F,"Seek prompt referral for testing and specialist treatment. Untreated disease can affect the brain; avoid delaying care when fever, swollen nodes, or unusual sleepiness occur.","fever,headache,swollen_lymph_nodes,joint_pain,daytime_sleepiness,confusion"
African trypanosomiasis,headache,swollen_lymph_nodes,joint_pain,daytime_sleepiness,confusion,,,,,,,,,,,,,38.0-40.0°C / 100.4-104°F,"Seek prompt referral for testing and specialist treatment. Untreated disease can affect the brain; avoid delaying care when fever, swollen nodes, or unusual sleepiness occur.","headache,swollen_lymph_nodes,joint_pain,daytime_sleepiness,confusion"
African trypanosomiasis,fever,swollen_lymph_nodes,joint_pain,daytime_sleepiness,confusion,,,,,,,,,,,,,38.0-40.0°C / 100.4-104°F,"Seek prompt referral for testing and specialist treatment. Untreated disease can affect the brain; avoid delaying care when fever, swollen nodes, or unusual sleepiness occur.","fever,swollen_lymph_nodes,joint_pain,daytime_sleepiness,confusion"
African trypanosomiasis,fever,headache,joint_pain,daytime_sleepiness,confusion,,,,,,,,,,,,,38.0-40.0°C / 100.4-104°F,"Seek prompt referral for testing and specialist treatment. Untreated disease can affect the brain; avoid delaying care when fever, swollen nodes, or unusual sleepiness occur.","fever,headache,joint_pain,daytime_sleepiness,confusion"
African trypanosomiasis,fever,headache,swollen_lymph_nodes,daytime_sleepiness,confusion,,,,,,,,,,,,,38.0-40.0°C / 100.4-104°F,"Seek prompt referral for testing and specialist treatment. Untreated disease can affect the brain; avoid delaying care when fever, swollen nodes, or unusual sleepiness occur.","fever,headache,swollen_lymph_nodes,daytime_sleepiness,confusion"
African trypanosomiasis,fever,headache,swollen_lymph_nodes,joint_pain,confusion,,,,,,,,,,,,,38.0-40.0°C / 100.4-104°F,"Seek prompt referral for testing and specialist treatment. Untreated disease can affect the brain; avoid delaying care when fever, swollen nodes, or unusual sleepiness occur.","fever,headache,swollen_lymph_nodes,joint_pain,confusion"
Bacterial meningitis,severe_headache,neck_stiffness,fever,confusion,sensitivity_to_light,vomiting,,,,,,,,,,,,38.5-40.0°C / 101.3-104°F,"This is a medical emergency. Refer immediately for hospital assessment and antibiotics; do not wait for symptoms to worsen, especially with confusion, seizures, or a stiff neck.","severe_headache,neck_stiffness,fever,confusion,sensitivity_to_light,vomiting"
Bacterial meningitis,neck_stiffness,fever,confusion,sensitivity_to_light,vomiting,,,,,,,,,,,,,38.5-40.0°C / 101.3-104°F,"This is a medical emergency. Refer immediately for hospital assessment and antibiotics; do not wait for symptoms to worsen, especially with confusion, seizures, or a stiff neck.","neck_stiffness,fever,confusion,sensitivity_to_light,vomiting"
Bacterial meningitis,severe_headache,fever,confusion,sensitivity_to_light,vomiting,,,,,,,,,,,,,38.5-40.0°C / 101.3-104°F,"This is a medical emergency. Refer immediately for hospital assessment and antibiotics; do not wait for symptoms to worsen, especially with confusion, seizures, or a stiff neck.","severe_headache,fever,confusion,sensitivity_to_light,vomiting"
Bacterial meningitis,severe_headache,neck_stiffness,confusion,sensitivity_to_light,vomiting,,,,,,,,,,,,,38.5-40.0°C / 101.3-104°F,"This is a medical emergency. Refer immediately for hospital assessment and antibiotics; do not wait for symptoms to worsen, especially with confusion, seizures, or a stiff neck.","severe_headache,neck_stiffness,confusion,sensitivity_to_light,vomiting"
Bacterial meningitis,severe_headache,neck_stiffness,fever,sensitivity_to_light,vomiting,,,,,,,,,,,,,38.5-40.0°C / 101.3-104°F,"This is a medical emergency. Refer immediately for hospital assessment and antibiotics; do not wait for symptoms to worsen, especially with confusion, seizures, or a stiff neck.","severe_headache,neck_stiffness,fever,sensitivity_to_light,vomiting"
Bacterial meningitis,severe_headache,neck_stiffness,fever,confusion,vomiting,,,,,,,,,,,,,38.5-40.0°C / 101.3-104°F,"This is a medical emergency. Refer immediately for hospital assessment and antibiotics; do not wait for symptoms to worsen, especially with confusion, seizures, or a stiff neck.","severe_headache,neck_stiffness,fever,confusion,vomiting"
Yellow fever,fever,headache,muscle_pain,nausea,vomiting,jaundice,,,,,,,,,,,,38.0-40.0°C / 100.4-104°F,Seek urgent medical assessment for testing and supportive care. Prevent mosquito bites and use paracetamol if appropriate; avoid aspirin or ibuprofen until bleeding risk is assessed. Vaccination prevents yellow fever.,"fever,headache,muscle_pain,nausea,vomiting,jaundice"
Yellow fever,headache,muscle_pain,nausea,vomiting,jaundice,,,,,,,,,,,,,38.0-40.0°C / 100.4-104°F,Seek urgent medical assessment for testing and supportive care. Prevent mosquito bites and use paracetamol if appropriate; avoid aspirin or ibuprofen until bleeding risk is assessed. Vaccination prevents yellow fever.,"headache,muscle_pain,nausea,vomiting,jaundice"
Yellow fever,fever,muscle_pain,nausea,vomiting,jaundice,,,,,,,,,,,,,38.0-40.0°C / 100.4-104°F,Seek urgent medical assessment for testing and supportive care. Prevent mosquito bites and use paracetamol if appropriate; avoid aspirin or ibuprofen until bleeding risk is assessed. Vaccination prevents yellow fever.,"fever,muscle_pain,nausea,vomiting,jaundice"
Yellow fever,fever,headache,nausea,vomiting,jaundice,,,,,,,,,,,,,38.0-40.0°C / 100.4-104°F,Seek urgent medical assessment for testing and supportive care. Prevent mosquito bites and use paracetamol if appropriate; avoid aspirin or ibuprofen until bleeding risk is assessed. Vaccination prevents yellow fever.,"fever,headache,nausea,vomiting,jaundice"
Yellow fever,fever,headache,muscle_pain,vomiting,jaundice,,,,,,,,,,,,,38.0-40.0°C / 100.4-104°F,Seek urgent medical assessment for testing and supportive care. Prevent mosquito bites and use paracetamol if appropriate; avoid aspirin or ibuprofen until bleeding risk is assessed. Vaccination prevents yellow fever.,"fever,headache,muscle_pain,vomiting,jaundice"
Yellow fever,fever,headache,muscle_pain,nausea,jaundice,,,,,,,,,,,,,38.0-40.0°C / 100.4-104°F,Seek urgent medical assessment for testing and supportive care. Prevent mosquito bites and use paracetamol if appropriate; avoid aspirin or ibuprofen until bleeding risk is assessed. Vaccination prevents yellow fever.,"fever,headache,muscle_pain,nausea,jaundice"
Poliomyelitis,fever,fatigue,headache,vomiting,neck_stiffness,muscle_weakness,,,,,,,,,,,,38.0-39.5°C / 100.4-103.1°F,"Refer promptly for medical assessment, especially with new weakness or paralysis. Isolate according to local public-health guidance and ensure vaccination and safe water and sanitation.","fever,fatigue,headache,vomiting,neck_stiffness,muscle_weakness"
Poliomyelitis,fatigue,headache,vomiting,neck_stiffness,muscle_weakness,,,,,,,,,,,,,38.0-39.5°C / 100.4-103.1°F,"Refer promptly for medical assessment, especially with new weakness or paralysis. Isolate according to local public-health guidance and ensure vaccination and safe water and sanitation.","fatigue,headache,vomiting,neck_stiffness,muscle_weakness"
Poliomyelitis,fever,headache,vomiting,neck_stiffness,muscle_weakness,,,,,,,,,,,,,38.0-39.5°C / 100.4-103.1°F,"Refer promptly for medical assessment, especially with new weakness or paralysis. Isolate according to local public-health guidance and ensure vaccination and safe water and sanitation.","fever,headache,vomiting,neck_stiffness,muscle_weakness"
Poliomyelitis,fever,fatigue,vomiting,neck_stiffness,muscle_weakness,,,,,,,,,,,,,38.0-39.5°C / 100.4-103.1°F,"Refer promptly for medical assessment, especially with new weakness or paralysis. Isolate according to local public-health guidance and ensure vaccination and safe water and sanitation.","fever,fatigue,vomiting,neck_stiffness,muscle_weakness"
Poliomyelitis,fever,fatigue,headache,neck_stiffness,muscle_weakness,,,,,,,,,,,,,38.0-39.5°C / 100.4-103.1°F,"Refer promptly for medical assessment, especially with new weakness or paralysis. Isolate according to local public-health guidance and ensure vaccination and safe water and sanitation.","fever,fatigue,headache,neck_stiffness,muscle_weakness"
Poliomyelitis,fever,fatigue,headache,vomiting,muscle_weakness,,,,,,,,,,,,,38.0-39.5°C / 100.4-103.1°F,"Refer promptly for medical assessment, especially with new weakness or paralysis. Isolate according to local public-health guidance and ensure vaccination and safe water and sanitation.","fever,fatigue,headache,vomiting,muscle_weakness"
Leprosy,skin_rash,numbness,muscle_weakness,thickened_nerves,painless_skin_lesions,loss_of_sensation,,,,,,,,,,,,36.1-37.5°C / 97-99.5°F,Arrange clinic assessment for diagnosis and multidrug treatment. Early treatment prevents nerve damage and disability; check close household contacts through local health services.,"skin_rash,numbness,muscle_weakness,thickened_nerves,painless_skin_lesions,loss_of_sensation"
Leprosy,numbness,muscle_weakness,thickened_nerves,painless_skin_lesions,loss_of_sensation,,,,,,,,,,,,,36.1-37.5°C / 97-99.5°F,Arrange clinic assessment for diagnosis and multidrug treatment. Early treatment prevents nerve damage and disability; check close household contacts through local health services.,"numbness,muscle_weakness,thickened_nerves,painless_skin_lesions,loss_of_sensation"
Leprosy,skin_rash,muscle_weakness,thickened_nerves,painless_skin_lesions,loss_of_sensation,,,,,,,,,,,,,36.1-37.5°C / 97-99.5°F,Arrange clinic assessment for diagnosis and multidrug treatment. Early treatment prevents nerve damage and disability; check close household contacts through local health services.,"skin_rash,muscle_weakness,thickened_nerves,painless_skin_lesions,loss_of_sensation"
Leprosy,skin_rash,numbness,thickened_nerves,painless_skin_lesions,loss_of_sensation,,,,,,,,,,,,,36.1-37.5°C / 97-99.5°F,Arrange clinic assessment for diagnosis and multidrug treatment. Early treatment prevents nerve damage and disability; check close household contacts through local health services.,"skin_rash,numbness,thickened_nerves,painless_skin_lesions,loss_of_sensation"
Leprosy,skin_rash,numbness,muscle_weakness,painless_skin_lesions,loss_of_sensation,,,,,,,,,,,,,36.1-37.5°C / 97-99.5°F,Arrange clinic assessment for diagnosis and multidrug treatment. Early treatment prevents nerve damage and disability; check close household contacts through local health services.,"skin_rash,numbness,muscle_weakness,painless_skin_lesions,loss_of_sensation"
Leprosy,skin_rash,numbness,muscle_weakness,thickened_nerves,loss_of_sensation,,,,,,,,,,,,,36.1-37.5°C / 97-99.5°F,Arrange clinic assessment for diagnosis and multidrug treatment. Early treatment prevents nerve damage and disability; check close household contacts through local health services.,"skin_rash,numbness,muscle_weakness,thickened_nerves,loss_of_sensation"
Lymphatic filariasis,leg_swelling,scrotal_swelling,fever,pain,thickened_skin,enlarged_lymph_nodes,,,,,,,,,,,,37.5-39.0°C / 99.5-102.2°F,"Seek clinic care for diagnosis and antiparasitic treatment. Elevate and gently wash swollen limbs, treat skin infections early, and follow local mass-drug-administration guidance.","leg_swelling,scrotal_swelling,fever,pain,thickened_skin,enlarged_lymph_nodes"
Lymphatic filariasis,scrotal_swelling,fever,pain,thickened_skin,enlarged_lymph_nodes,,,,,,,,,,,,,37.5-39.0°C / 99.5-102.2°F,"Seek clinic care for diagnosis and antiparasitic treatment. Elevate and gently wash swollen limbs, treat skin infections early, and follow local mass-drug-administration guidance.","scrotal_swelling,fever,pain,thickened_skin,enlarged_lymph_nodes"
Lymphatic filariasis,leg_swelling,fever,pain,thickened_skin,enlarged_lymph_nodes,,,,,,,,,,,,,37.5-39.0°C / 99.5-102.2°F,"Seek clinic care for diagnosis and antiparasitic treatment. Elevate and gently wash swollen limbs, treat skin infections early, and follow local mass-drug-administration guidance.","leg_swelling,fever,pain,thickened_skin,enlarged_lymph_nodes"
Lymphatic filariasis,leg_swelling,scrotal_swelling,pain,thickened_skin,enlarged_lymph_nodes,,,,,,,,,,,,,37.5-39.0°C / 99.5-102.2°F,"Seek clinic care for diagnosis and antiparasitic treatment. Elevate and gently wash swollen limbs, treat skin infections early, and follow local mass-drug-administration guidance.","leg_swelling,scrotal_swelling,pain,thickened_skin,enlarged_lymph_nodes"
Lymphatic filariasis,leg_swelling,scrotal_swelling,fever,thickened_skin,enlarged_lymph_nodes,,,,,,,,,,,,,37.5-39.0°C / 99.5-102.2°F,"Seek clinic care for diagnosis and antiparasitic treatment. Elevate and gently wash swollen limbs, treat skin infections early, and follow local mass-drug-administration guidance.","leg_swelling,scrotal_swelling,fever,thickened_skin,enlarged_lymph_nodes"
Lymphatic filariasis,leg_swelling,scrotal_swelling,fever,pain,enlarged_lymph_nodes,,,,,,,,,,,,,37.5-39.0°C / 99.5-102.2°F,"Seek clinic care for diagnosis and antiparasitic treatment. Elevate and gently wash swollen limbs, treat skin infections early, and follow local mass-drug-administration guidance.","leg_swelling,scrotal_swelling,fever,pain,enlarged_lymph_nodes"
Onchocerciasis,itching,skin_rash,eye_irritation,visual_impairment,skin_nodules,swollen_lymph_nodes,,,,,,,,,,,,36.1-37.5°C / 97-99.5°F,Arrange testing and antiparasitic treatment through a clinic or community programme. Seek urgent eye assessment for reduced vision and use insect precautions near fast-flowing rivers.,"itching,skin_rash,eye_irritation,visual_impairment,skin_nodules,swollen_lymph_nodes"
Onchocerciasis,skin_rash,eye_irritation,visual_impairment,skin_nodules,swollen_lymph_nodes,,,,,,,,,,,,,36.1-37.5°C / 97-99.5°F,Arrange testing and antiparasitic treatment through a clinic or community programme. Seek urgent eye assessment for reduced vision and use insect precautions near fast-flowing rivers.,"skin_rash,eye_irritation,visual_impairment,skin_nodules,swollen_lymph_nodes"
Onchocerciasis,itching,eye_irritation,visual_impairment,skin_nodules,swollen_lymph_nodes,,,,,,,,,,,,,36.1-37.5°C / 97-99.5°F,Arrange testing and antiparasitic treatment through a clinic or community programme. Seek urgent eye assessment for reduced vision and use insect precautions near fast-flowing rivers.,"itching,eye_irritation,visual_impairment,skin_nodules,swollen_lymph_nodes"
Onchocerciasis,itching,skin_rash,visual_impairment,skin_nodules,swollen_lymph_nodes,,,,,,,,,,,,,36.1-37.5°C / 97-99.5°F,Arrange testing and antiparasitic treatment through a clinic or community programme. Seek urgent eye assessment for reduced vision and use insect precautions near fast-flowing rivers.,"itching,skin_rash,visual_impairment,skin_nodules,swollen_lymph_nodes"
Onchocerciasis,itching,skin_rash,eye_irritation,skin_nodules,swollen_lymph_nodes,,,,,,,,,,,,,36.1-37.5°C / 97-99.5°F,Arrange testing and antiparasitic treatment through a clinic or community programme. Seek urgent eye assessment for reduced vision and use insect precautions near fast-flowing rivers.,"itching,skin_rash,eye_irritation,skin_nodules,swollen_lymph_nodes"
Onchocerciasis,itching,skin_rash,eye_irritation,visual_impairment,swollen_lymph_nodes,,,,,,,,,,,,,36.1-37.5°C / 97-99.5°F,Arrange testing and antiparasitic treatment through a clinic or community programme. Seek urgent eye assessment for reduced vision and use insect precautions near fast-flowing rivers.,"itching,skin_rash,eye_irritation,visual_impairment,swollen_lymph_nodes"
Yaws,skin_lesions,skin_ulcers,bone_pain,joint_pain,fever,swollen_lymph_nodes,,,,,,,,,,,,37.5-39.0°C / 99.5-102.2°F,"Seek clinic treatment with appropriate antibiotics and wound care. Avoid sharing towels, keep lesions covered, and arrange assessment of close contacts to stop transmission.","skin_lesions,skin_ulcers,bone_pain,joint_pain,fever,swollen_lymph_nodes"
Yaws,skin_ulcers,bone_pain,joint_pain,fever,swollen_lymph_nodes,,,,,,,,,,,,,37.5-39.0°C / 99.5-102.2°F,"Seek clinic treatment with appropriate antibiotics and wound care. Avoid sharing towels, keep lesions covered, and arrange assessment of close contacts to stop transmission.","skin_ulcers,bone_pain,joint_pain,fever,swollen_lymph_nodes"
Yaws,skin_lesions,bone_pain,joint_pain,fever,swollen_lymph_nodes,,,,,,,,,,,,,37.5-39.0°C / 99.5-102.2°F,"Seek clinic treatment with appropriate antibiotics and wound care. Avoid sharing towels, keep lesions covered, and arrange assessment of close contacts to stop transmission.","skin_lesions,bone_pain,joint_pain,fever,swollen_lymph_nodes"
Yaws,skin_lesions,skin_ulcers,joint_pain,fever,swollen_lymph_nodes,,,,,,,,,,,,,37.5-39.0°C / 99.5-102.2°F,"Seek clinic treatment with appropriate antibiotics and wound care. Avoid sharing towels, keep lesions covered, and arrange assessment of close contacts to stop transmission.","skin_lesions,skin_ulcers,joint_pain,fever,swollen_lymph_nodes"
Yaws,skin_lesions,skin_ulcers,bone_pain,fever,swollen_lymph_nodes,,,,,,,,,,,,,37.5-39.0°C / 99.5-102.2°F,"Seek clinic treatment with appropriate antibiotics and wound care. Avoid sharing towels, keep lesions covered, and arrange assessment of close contacts to stop transmission.","skin_lesions,skin_ulcers,bone_pain,fever,swollen_lymph_nodes"
Yaws,skin_lesions,skin_ulcers,bone_pain,joint_pain,swollen_lymph_nodes,,,,,,,,,,,,,37.5-39.0°C / 99.5-102.2°F,"Seek clinic treatment with appropriate antibiotics and wound care. Avoid sharing towels, keep lesions covered, and arrange assessment of close contacts to stop transmission.","skin_lesions,skin_ulcers,bone_pain,joint_pain,swollen_lymph_nodes"
Lassa fever,fever,weakness,headache,sore_throat,muscle_pain,vomiting,,,,,,,,,,,,38.0-40.0°C / 100.4-104°F,"Urgently refer suspected cases for isolation, testing, and supportive hospital care. Avoid contact with blood and body fluids, use protective measures, and follow local public-health instructions.","fever,weakness,headache,sore_throat,muscle_pain,vomiting"
Lassa fever,weakness,headache,sore_throat,muscle_pain,vomiting,,,,,,,,,,,,,38.0-40.0°C / 100.4-104°F,"Urgently refer suspected cases for isolation, testing, and supportive hospital care. Avoid contact with blood and body fluids, use protective measures, and follow local public-health instructions.","weakness,headache,sore_throat,muscle_pain,vomiting"
Lassa fever,fever,headache,sore_throat,muscle_pain,vomiting,,,,,,,,,,,,,38.0-40.0°C / 100.4-104°F,"Urgently refer suspected cases for isolation, testing, and supportive hospital care. Avoid contact with blood and body fluids, use protective measures, and follow local public-health instructions.","fever,headache,sore_throat,muscle_pain,vomiting"
Lassa fever,fever,weakness,sore_throat,muscle_pain,vomiting,,,,,,,,,,,,,38.0-40.0°C / 100.4-104°F,"Urgently refer suspected cases for isolation, testing, and supportive hospital care. Avoid contact with blood and body fluids, use protective measures, and follow local public-health instructions.","fever,weakness,sore_throat,muscle_pain,vomiting"
Lassa fever,fever,weakness,headache,muscle_pain,vomiting,,,,,,,,,,,,,38.0-40.0°C / 100.4-104°F,"Urgently refer suspected cases for isolation, testing, and supportive hospital care. Avoid contact with blood and body fluids, use protective measures, and follow local public-health instructions.","fever,weakness,headache,muscle_pain,vomiting"
Lassa fever,fever,weakness,headache,sore_throat,vomiting,,,,,,,,,,,,,38.0-40.0°C / 100.4-104°F,"Urgently refer suspected cases for isolation, testing, and supportive hospital care. Avoid contact with blood and body fluids, use protective measures, and follow local public-health instructions.","fever,weakness,headache,sore_throat,vomiting"
Ebola virus disease,fever,fatigue,muscle_pain,headache,vomiting,diarrhoea,,,,,,,,,,,,38.0-40.0°C / 100.4-104°F,Treat as a public-health emergency: isolate safely and contact designated health authorities immediately for testing and referral. Avoid contact with body fluids and do not handle bodies without trained protection.,"fever,fatigue,muscle_pain,headache,vomiting,diarrhoea"
Ebola virus disease,fatigue,muscle_pain,headache,vomiting,diarrhoea,,,,,,,,,,,,,38.0-40.0°C / 100.4-104°F,Treat as a public-health emergency: isolate safely and contact designated health authorities immediately for testing and referral. Avoid contact with body fluids and do not handle bodies without trained protection.,"fatigue,muscle_pain,headache,vomiting,diarrhoea"
Ebola virus disease,fever,muscle_pain,headache,vomiting,diarrhoea,,,,,,,,,,,,,38.0-40.0°C / 100.4-104°F,Treat as a public-health emergency: isolate safely and contact designated health authorities immediately for testing and referral. Avoid contact with body fluids and do not handle bodies without trained protection.,"fever,muscle_pain,headache,vomiting,diarrhoea"
Ebola virus disease,fever,fatigue,headache,vomiting,diarrhoea,,,,,,,,,,,,,38.0-40.0°C / 100.4-104°F,Treat as a public-health emergency: isolate safely and contact designated health authorities immediately for testing and referral. Avoid contact with body fluids and do not handle bodies without trained protection.,"fever,fatigue,headache,vomiting,diarrhoea"
Ebola virus disease,fever,fatigue,muscle_pain,vomiting,diarrhoea,,,,,,,,,,,,,38.0-40.0°C / 100.4-104°F,Treat as a public-health emergency: isolate safely and contact designated health authorities immediately for testing and referral. Avoid contact with body fluids and do not handle bodies without trained protection.,"fever,fatigue,muscle_pain,vomiting,diarrhoea"
Ebola virus disease,fever,fatigue,muscle_pain,headache,diarrhoea,,,,,,,,,,,,,38.0-40.0°C / 100.4-104°F,Treat as a public-health emergency: isolate safely and contact designated health authorities immediately for testing and referral. Avoid contact with body fluids and do not handle bodies without trained protection.,"fever,fatigue,muscle_pain,headache,diarrhoea"
Marburg virus disease,fever,severe_headache,muscle_pain,vomiting,diarrhoea,bleeding,,,,,,,,,,,,38.0-40.0°C / 100.4-104°F,Urgently isolate and refer through public-health channels for testing and hospital care. Avoid contact with blood and body fluids and use trained infection-prevention procedures.,"fever,severe_headache,muscle_pain,vomiting,diarrhoea,bleeding"
Marburg virus disease,severe_headache,muscle_pain,vomiting,diarrhoea,bleeding,,,,,,,,,,,,,38.0-40.0°C / 100.4-104°F,Urgently isolate and refer through public-health channels for testing and hospital care. Avoid contact with blood and body fluids and use trained infection-prevention procedures.,"severe_headache,muscle_pain,vomiting,diarrhoea,bleeding"
Marburg virus disease,fever,muscle_pain,vomiting,diarrhoea,bleeding,,,,,,,,,,,,,38.0-40.0°C / 100.4-104°F,Urgently isolate and refer through public-health channels for testing and hospital care. Avoid contact with blood and body fluids and use trained infection-prevention procedures.,"fever,muscle_pain,vomiting,diarrhoea,bleeding"
Marburg virus disease,fever,severe_headache,vomiting,diarrhoea,bleeding,,,,,,,,,,,,,38.0-40.0°C / 100.4-104°F,Urgently isolate and refer through public-health channels for testing and hospital care. Avoid contact with blood and body fluids and use trained infection-prevention procedures.,"fever,severe_headache,vomiting,diarrhoea,bleeding"
Marburg virus disease,fever,severe_headache,muscle_pain,diarrhoea,bleeding,,,,,,,,,,,,,38.0-40.0°C / 100.4-104°F,Urgently isolate and refer through public-health channels for testing and hospital care. Avoid contact with blood and body fluids and use trained infection-prevention procedures.,"fever,severe_headache,muscle_pain,diarrhoea,bleeding"
Marburg virus disease,fever,severe_headache,muscle_pain,vomiting,bleeding,,,,,,,,,,,,,38.0-40.0°C / 100.4-104°F,Urgently isolate and refer through public-health channels for testing and hospital care. Avoid contact with blood and body fluids and use trained infection-prevention procedures.,"fever,severe_headache,muscle_pain,vomiting,bleeding"
Rotavirus infection,watery_diarrhoea,vomiting,fever,dehydration,abdominal_pain,lethargy,,,,,,,,,,,,37.5-39.0°C / 99.5-102.2°F,"Start oral rehydration solution promptly and continue feeding or breastfeeding. Refer urgently for severe dehydration, inability to drink, blood in stool, or persistent vomiting; vaccination helps prevent severe disease.","watery_diarrhoea,vomiting,fever,dehydration,abdominal_pain,lethargy"
Rotavirus infection,vomiting,fever,dehydration,abdominal_pain,lethargy,,,,,,,,,,,,,37.5-39.0°C / 99.5-102.2°F,"Start oral rehydration solution promptly and continue feeding or breastfeeding. Refer urgently for severe dehydration, inability to drink, blood in stool, or persistent vomiting; vaccination helps prevent severe disease.","vomiting,fever,dehydration,abdominal_pain,lethargy"
Rotavirus infection,watery_diarrhoea,fever,dehydration,abdominal_pain,lethargy,,,,,,,,,,,,,37.5-39.0°C / 99.5-102.2°F,"Start oral rehydration solution promptly and continue feeding or breastfeeding. Refer urgently for severe dehydration, inability to drink, blood in stool, or persistent vomiting; vaccination helps prevent severe disease.","watery_diarrhoea,fever,dehydration,abdominal_pain,lethargy"
Rotavirus infection,watery_diarrhoea,vomiting,dehydration,abdominal_pain,lethargy,,,,,,,,,,,,,37.5-39.0°C / 99.5-102.2°F,"Start oral rehydration solution promptly and continue feeding or breastfeeding. Refer urgently for severe dehydration, inability to drink, blood in stool, or persistent vomiting; vaccination helps prevent severe disease.","watery_diarrhoea,vomiting,dehydration,abdominal_pain,lethargy"
Rotavirus infection,watery_diarrhoea,vomiting,fever,abdominal_pain,lethargy,,,,,,,,,,,,,37.5-39.0°C / 99.5-102.2°F,"Start oral rehydration solution promptly and continue feeding or breastfeeding. Refer urgently for severe dehydration, inability to drink, blood in stool, or persistent vomiting; vaccination helps prevent severe disease.","watery_diarrhoea,vomiting,fever,abdominal_pain,lethargy"
Rotavirus infection,watery_diarrhoea,vomiting,fever,dehydration,lethargy,,,,,,,,,,,,,37.5-39.0°C / 99.5-102.2°F,"Start oral rehydration solution promptly and continue feeding or breastfeeding. Refer urgently for severe dehydration, inability to drink, blood in stool, or persistent vomiting; vaccination helps prevent severe disease.","watery_diarrhoea,vomiting,fever,dehydration,lethargy"
Giardiasis,diarrhoea,abdominal_cramps,bloating,nausea,weight_loss,fatigue,,,,,,,,,,,,36.1-37.5°C / 97-99.5°F,"Arrange clinic testing and prescribed antiparasitic treatment. Drink treated water, wash hands, and avoid preparing food for others while diarrhoea continues.","diarrhoea,abdominal_cramps,bloating,nausea,weight_loss,fatigue"
Giardiasis,abdominal_cramps,bloating,nausea,weight_loss,fatigue,,,,,,,,,,,,,36.1-37.5°C / 97-99.5°F,"Arrange clinic testing and prescribed antiparasitic treatment. Drink treated water, wash hands, and avoid preparing food for others while diarrhoea continues.","abdominal_cramps,bloating,nausea,weight_loss,fatigue"
Giardiasis,diarrhoea,bloating,nausea,weight_loss,fatigue,,,,,,,,,,,,,36.1-37.5°C / 97-99.5°F,"Arrange clinic testing and prescribed antiparasitic treatment. Drink treated water, wash hands, and avoid preparing food for others while diarrhoea continues.","diarrhoea,bloating,nausea,weight_loss,fatigue"
Giardiasis,diarrhoea,abdominal_cramps,nausea,weight_loss,fatigue,,,,,,,,,,,,,36.1-37.5°C / 97-99.5°F,"Arrange clinic testing and prescribed antiparasitic treatment. Drink treated water, wash hands, and avoid preparing food for others while diarrhoea continues.","diarrhoea,abdominal_cramps,nausea,weight_loss,fatigue"
Giardiasis,diarrhoea,abdominal_cramps,bloating,weight_loss,fatigue,,,,,,,,,,,,,36.1-37.5°C / 97-99.5°F,"Arrange clinic testing and prescribed antiparasitic treatment. Drink treated water, wash hands, and avoid preparing food for others while diarrhoea continues.","diarrhoea,abdominal_cramps,bloating,weight_loss,fatigue"
Giardiasis,diarrhoea,abdominal_cramps,bloating,nausea,fatigue,,,,,,,,,,,,,36.1-37.5°C / 97-99.5°F,"Arrange clinic testing and prescribed antiparasitic treatment. Drink treated water, wash hands, and avoid preparing food for others while diarrhoea continues.","diarrhoea,abdominal_cramps,bloating,nausea,fatigue"
Amebiasis,diarrhoea,bloody_stool,abdominal_pain,fever,weight_loss,nausea,,,,,,,,,,,,37.5-39.0°C / 99.5-102.2°F,"Seek medical assessment for testing and appropriate treatment, especially with blood in stool or fever. Use oral rehydration, safe water, handwashing, and sanitation.","diarrhoea,bloody_stool,abdominal_pain,fever,weight_loss,nausea"
Amebiasis,bloody_stool,abdominal_pain,fever,weight_loss,nausea,,,,,,,,,,,,,37.5-39.0°C / 99.5-102.2°F,"Seek medical assessment for testing and appropriate treatment, especially with blood in stool or fever. Use oral rehydration, safe water, handwashing, and sanitation.","bloody_stool,abdominal_pain,fever,weight_loss,nausea"
Amebiasis,diarrhoea,abdominal_pain,fever,weight_loss,nausea,,,,,,,,,,,,,37.5-39.0°C / 99.5-102.2°F,"Seek medical assessment for testing and appropriate treatment, especially with blood in stool or fever. Use oral rehydration, safe water, handwashing, and sanitation.","diarrhoea,abdominal_pain,fever,weight_loss,nausea"
Amebiasis,diarrhoea,bloody_stool,fever,weight_loss,nausea,,,,,,,,,,,,,37.5-39.0°C / 99.5-102.2°F,"Seek medical assessment for testing and appropriate treatment, especially with blood in stool or fever. Use oral rehydration, safe water, handwashing, and sanitation.","diarrhoea,bloody_stool,fever,weight_loss,nausea"
Amebiasis,diarrhoea,bloody_stool,abdominal_pain,weight_loss,nausea,,,,,,,,,,,,,37.5-39.0°C / 99.5-102.2°F,"Seek medical assessment for testing and appropriate treatment, especially with blood in stool or fever. Use oral rehydration, safe water, handwashing, and sanitation.","diarrhoea,bloody_stool,abdominal_pain,weight_loss,nausea"
Amebiasis,diarrhoea,bloody_stool,abdominal_pain,fever,nausea,,,,,,,,,,,,,37.5-39.0°C / 99.5-102.2°F,"Seek medical assessment for testing and appropriate treatment, especially with blood in stool or fever. Use oral rehydration, safe water, handwashing, and sanitation.","diarrhoea,bloody_stool,abdominal_pain,fever,nausea"
Ascariasis,abdominal_pain,diarrhoea,cough,wheezing,weight_loss,malnutrition,,,,,,,,,,,,36.1-37.5°C / 97-99.5°F,"Seek clinic care for deworming advice and evaluation of nutrition or obstruction. Improve sanitation, wash produce, and wash hands before eating to prevent reinfection.","abdominal_pain,diarrhoea,cough,wheezing,weight_loss,malnutrition"
Ascariasis,diarrhoea,cough,wheezing,weight_loss,malnutrition,,,,,,,,,,,,,36.1-37.5°C / 97-99.5°F,"Seek clinic care for deworming advice and evaluation of nutrition or obstruction. Improve sanitation, wash produce, and wash hands before eating to prevent reinfection.","diarrhoea,cough,wheezing,weight_loss,malnutrition"
Ascariasis,abdominal_pain,cough,wheezing,weight_loss,malnutrition,,,,,,,,,,,,,36.1-37.5°C / 97-99.5°F,"Seek clinic care for deworming advice and evaluation of nutrition or obstruction. Improve sanitation, wash produce, and wash hands before eating to prevent reinfection.","abdominal_pain,cough,wheezing,weight_loss,malnutrition"
Ascariasis,abdominal_pain,diarrhoea,wheezing,weight_loss,malnutrition,,,,,,,,,,,,,36.1-37.5°C / 97-99.5°F,"Seek clinic care for deworming advice and evaluation of nutrition or obstruction. Improve sanitation, wash produce, and wash hands before eating to prevent reinfection.","abdominal_pain,diarrhoea,wheezing,weight_loss,malnutrition"
Ascariasis,abdominal_pain,diarrhoea,cough,weight_loss,malnutrition,,,,,,,,,,,,,36.1-37.5°C / 97-99.5°F,"Seek clinic care for deworming advice and evaluation of nutrition or obstruction. Improve sanitation, wash produce, and wash hands before eating to prevent reinfection.","abdominal_pain,diarrhoea,cough,weight_loss,malnutrition"
Ascariasis,abdominal_pain,diarrhoea,cough,wheezing,malnutrition,,,,,,,,,,,,,36.1-37.5°C / 97-99.5°F,"Seek clinic care for deworming advice and evaluation of nutrition or obstruction. Improve sanitation, wash produce, and wash hands before eating to prevent reinfection.","abdominal_pain,diarrhoea,cough,wheezing,malnutrition"
Trichuriasis,abdominal_pain,diarrhoea,bloody_stool,anemia,weight_loss,rectal_prolapse,,,,,,,,,,,,36.5-38.0°C / 97.7-100.4°F,"Arrange stool testing and prescribed deworming treatment. Refer urgently for heavy bleeding, severe anemia, dehydration, or rectal prolapse; improve sanitation to prevent reinfection.","abdominal_pain,diarrhoea,bloody_stool,anemia,weight_loss,rectal_prolapse"
Trichuriasis,diarrhoea,bloody_stool,anemia,weight_loss,rectal_prolapse,,,,,,,,,,,,,36.5-38.0°C / 97.7-100.4°F,"Arrange stool testing and prescribed deworming treatment. Refer urgently for heavy bleeding, severe anemia, dehydration, or rectal prolapse; improve sanitation to prevent reinfection.","diarrhoea,bloody_stool,anemia,weight_loss,rectal_prolapse"
Trichuriasis,abdominal_pain,bloody_stool,anemia,weight_loss,rectal_prolapse,,,,,,,,,,,,,36.5-38.0°C / 97.7-100.4°F,"Arrange stool testing and prescribed deworming treatment. Refer urgently for heavy bleeding, severe anemia, dehydration, or rectal prolapse; improve sanitation to prevent reinfection.","abdominal_pain,bloody_stool,anemia,weight_loss,rectal_prolapse"
Trichuriasis,abdominal_pain,diarrhoea,anemia,weight_loss,rectal_prolapse,,,,,,,,,,,,,36.5-38.0°C / 97.7-100.4°F,"Arrange stool testing and prescribed deworming treatment. Refer urgently for heavy bleeding, severe anemia, dehydration, or rectal prolapse; improve sanitation to prevent reinfection.","abdominal_pain,diarrhoea,anemia,weight_loss,rectal_prolapse"
Trichuriasis,abdominal_pain,diarrhoea,bloody_stool,weight_loss,rectal_prolapse,,,,,,,,,,,,,36.5-38.0°C / 97.7-100.4°F,"Arrange stool testing and prescribed deworming treatment. Refer urgently for heavy bleeding, severe anemia, dehydration, or rectal prolapse; improve sanitation to prevent reinfection.","abdominal_pain,diarrhoea,bloody_stool,weight_loss,rectal_prolapse"
Trichuriasis,abdominal_pain,diarrhoea,bloody_stool,anemia,rectal_prolapse,,,,,,,,,,,,,36.5-38.0°C / 97.7-100.4°F,"Arrange stool testing and prescribed deworming treatment. Refer urgently for heavy bleeding, severe anemia, dehydration, or rectal prolapse; improve sanitation to prevent reinfection.","abdominal_pain,diarrhoea,bloody_stool,anemia,rectal_prolapse"
Scurvy,fatigue,bleeding_gums,bruising,joint_pain,poor_wound_healing,anemia,,,,,,,,,,,,36.1-37.5°C / 97-99.5°F,"Arrange clinical assessment and nutrition support. Add vitamin-C-rich foods such as citrus, tomatoes, leafy greens, or fortified foods as available, and investigate significant bleeding or anemia.","fatigue,bleeding_gums,bruising,joint_pain,poor_wound_healing,anemia"
Scurvy,bleeding_gums,bruising,joint_pain,poor_wound_healing,anemia,,,,,,,,,,,,,36.1-37.5°C / 97-99.5°F,"Arrange clinical assessment and nutrition support. Add vitamin-C-rich foods such as citrus, tomatoes, leafy greens, or fortified foods as available, and investigate significant bleeding or anemia.","bleeding_gums,bruising,joint_pain,poor_wound_healing,anemia"
Scurvy,fatigue,bruising,joint_pain,poor_wound_healing,anemia,,,,,,,,,,,,,36.1-37.5°C / 97-99.5°F,"Arrange clinical assessment and nutrition support. Add vitamin-C-rich foods such as citrus, tomatoes, leafy greens, or fortified foods as available, and investigate significant bleeding or anemia.","fatigue,bruising,joint_pain,poor_wound_healing,anemia"
Scurvy,fatigue,bleeding_gums,joint_pain,poor_wound_healing,anemia,,,,,,,,,,,,,36.1-37.5°C / 97-99.5°F,"Arrange clinical assessment and nutrition support. Add vitamin-C-rich foods such as citrus, tomatoes, leafy greens, or fortified foods as available, and investigate significant bleeding or anemia.","fatigue,bleeding_gums,joint_pain,poor_wound_healing,anemia"
Scurvy,fatigue,bleeding_gums,bruising,poor_wound_healing,anemia,,,,,,,,,,,,,36.1-37.5°C / 97-99.5°F,"Arrange clinical assessment and nutrition support. Add vitamin-C-rich foods such as citrus, tomatoes, leafy greens, or fortified foods as available, and investigate significant bleeding or anemia.","fatigue,bleeding_gums,bruising,poor_wound_healing,anemia"
Scurvy,fatigue,bleeding_gums,bruising,joint_pain,anemia,,,,,,,,,,,,,36.1-37.5°C / 97-99.5°F,"Arrange clinical assessment and nutrition support. Add vitamin-C-rich foods such as citrus, tomatoes, leafy greens, or fortified foods as available, and investigate significant bleeding or anemia.","fatigue,bleeding_gums,bruising,joint_pain,anemia"
Vitamin A deficiency,night_blindness,dry_eyes,skin_dryness,frequent_infections,poor_growth,loss_of_appetite,,,,,,,,,,,,36.1-37.5°C / 97-99.5°F,Refer for eye and nutrition assessment. Use locally approved vitamin A supplementation programmes for eligible children and improve access to vitamin-A-rich foods; urgent care is needed for eye pain or vision loss.,"night_blindness,dry_eyes,skin_dryness,frequent_infections,poor_growth,loss_of_appetite"
Vitamin A deficiency,dry_eyes,skin_dryness,frequent_infections,poor_growth,loss_of_appetite,,,,,,,,,,,,,36.1-37.5°C / 97-99.5°F,Refer for eye and nutrition assessment. Use locally approved vitamin A supplementation programmes for eligible children and improve access to vitamin-A-rich foods; urgent care is needed for eye pain or vision loss.,"dry_eyes,skin_dryness,frequent_infections,poor_growth,loss_of_appetite"
Vitamin A deficiency,night_blindness,skin_dryness,frequent_infections,poor_growth,loss_of_appetite,,,,,,,,,,,,,36.1-37.5°C / 97-99.5°F,Refer for eye and nutrition assessment. Use locally approved vitamin A supplementation programmes for eligible children and improve access to vitamin-A-rich foods; urgent care is needed for eye pain or vision loss.,"night_blindness,skin_dryness,frequent_infections,poor_growth,loss_of_appetite"
Vitamin A deficiency,night_blindness,dry_eyes,frequent_infections,poor_growth,loss_of_appetite,,,,,,,,,,,,,36.1-37.5°C / 97-99.5°F,Refer for eye and nutrition assessment. Use locally approved vitamin A supplementation programmes for eligible children and improve access to vitamin-A-rich foods; urgent care is needed for eye pain or vision loss.,"night_blindness,dry_eyes,frequent_infections,poor_growth,loss_of_appetite"
Vitamin A deficiency,night_blindness,dry_eyes,skin_dryness,poor_growth,loss_of_appetite,,,,,,,,,,,,,36.1-37.5°C / 97-99.5°F,Refer for eye and nutrition assessment. Use locally approved vitamin A supplementation programmes for eligible children and improve access to vitamin-A-rich foods; urgent care is needed for eye pain or vision loss.,"night_blindness,dry_eyes,skin_dryness,poor_growth,loss_of_appetite"
Vitamin A deficiency,night_blindness,dry_eyes,skin_dryness,frequent_infections,loss_of_appetite,,,,,,,,,,,,,36.1-37.5°C / 97-99.5°F,Refer for eye and nutrition assessment. Use locally approved vitamin A supplementation programmes for eligible children and improve access to vitamin-A-rich foods; urgent care is needed for eye pain or vision loss.,"night_blindness,dry_eyes,skin_dryness,frequent_infections,loss_of_appetite"
Beriberi,fatigue,muscle_weakness,numbness,swelling_legs,shortness_of_breath,confusion,,,,,,,,,,,,36.1-37.5°C / 97-99.5°F,Seek prompt medical assessment because heart or neurologic complications can be serious. Treat suspected thiamine deficiency under clinical guidance and improve access to balanced or fortified foods.,"fatigue,muscle_weakness,numbness,swelling_legs,shortness_of_breath,confusion"
Beriberi,muscle_weakness,numbness,swelling_legs,shortness_of_breath,confusion,,,,,,,,,,,,,36.1-37.5°C / 97-99.5°F,Seek prompt medical assessment because heart or neurologic complications can be serious. Treat suspected thiamine deficiency under clinical guidance and improve access to balanced or fortified foods.,"muscle_weakness,numbness,swelling_legs,shortness_of_breath,confusion"
Beriberi,fatigue,numbness,swelling_legs,shortness_of_breath,confusion,,,,,,,,,,,,,36.1-37.5°C / 97-99.5°F,Seek prompt medical assessment because heart or neurologic complications can be serious. Treat suspected thiamine deficiency under clinical guidance and improve access to balanced or fortified foods.,"fatigue,numbness,swelling_legs,shortness_of_breath,confusion"
Beriberi,fatigue,muscle_weakness,swelling_legs,shortness_of_breath,confusion,,,,,,,,,,,,,36.1-37.5°C / 97-99.5°F,Seek prompt medical assessment because heart or neurologic complications can be serious. Treat suspected thiamine deficiency under clinical guidance and improve access to balanced or fortified foods.,"fatigue,muscle_weakness,swelling_legs,shortness_of_breath,confusion"
Beriberi,fatigue,muscle_weakness,numbness,shortness_of_breath,confusion,,,,,,,,,,,,,36.1-37.5°C / 97-99.5°F,Seek prompt medical assessment because heart or neurologic complications can be serious. Treat suspected thiamine deficiency under clinical guidance and improve access to balanced or fortified foods.,"fatigue,muscle_weakness,numbness,shortness_of_breath,confusion"
Beriberi,fatigue,muscle_weakness,numbness,swelling_legs,confusion,,,,,,,,,,,,,36.1-37.5°C / 97-99.5°F,Seek prompt medical assessment because heart or neurologic complications can be serious. Treat suspected thiamine deficiency under clinical guidance and improve access to balanced or fortified foods.,"fatigue,muscle_weakness,numbness,swelling_legs,confusion"
Pellagra,skin_rash,diarrhoea,confusion,fatigue,mouth_soreness,weight_loss,,,,,,,,,,,,36.1-37.5°C / 97-99.5°F,Arrange clinic and nutrition assessment for prescribed niacin replacement and treatment of the cause. Improve dietary protein and variety where possible; confusion or severe diarrhoea needs prompt referral.,"skin_rash,diarrhoea,confusion,fatigue,mouth_soreness,weight_loss"
Pellagra,diarrhoea,confusion,fatigue,mouth_soreness,weight_loss,,,,,,,,,,,,,36.1-37.5°C / 97-99.5°F,Arrange clinic and nutrition assessment for prescribed niacin replacement and treatment of the cause. Improve dietary protein and variety where possible; confusion or severe diarrhoea needs prompt referral.,"diarrhoea,confusion,fatigue,mouth_soreness,weight_loss"
Pellagra,skin_rash,confusion,fatigue,mouth_soreness,weight_loss,,,,,,,,,,,,,36.1-37.5°C / 97-99.5°F,Arrange clinic and nutrition assessment for prescribed niacin replacement and treatment of the cause. Improve dietary protein and variety where possible; confusion or severe diarrhoea needs prompt referral.,"skin_rash,confusion,fatigue,mouth_soreness,weight_loss"
Pellagra,skin_rash,diarrhoea,fatigue,mouth_soreness,weight_loss,,,,,,,,,,,,,36.1-37.5°C / 97-99.5°F,Arrange clinic and nutrition assessment for prescribed niacin replacement and treatment of the cause. Improve dietary protein and variety where possible; confusion or severe diarrhoea needs prompt referral.,"skin_rash,diarrhoea,fatigue,mouth_soreness,weight_loss"
Pellagra,skin_rash,diarrhoea,confusion,mouth_soreness,weight_loss,,,,,,,,,,,,,36.1-37.5°C / 97-99.5°F,Arrange clinic and nutrition assessment for prescribed niacin replacement and treatment of the cause. Improve dietary protein and variety where possible; confusion or severe diarrhoea needs prompt referral.,"skin_rash,diarrhoea,confusion,mouth_soreness,weight_loss"
Pellagra,skin_rash,diarrhoea,confusion,fatigue,weight_loss,,,,,,,,,,,,,36.1-37.5°C / 97-99.5°F,Arrange clinic and nutrition assessment for prescribed niacin replacement and treatment of the cause. Improve dietary protein and variety where possible; confusion or severe diarrhoea needs prompt referral.,"skin_rash,diarrhoea,confusion,fatigue,weight_loss"
Acute respiratory infection,cough,fever,runny_nose,sore_throat,breathlessness,chest_pain,,,,,,,,,,,,37.5-39.5°C / 99.5-103.1°F,"Assess promptly, especially in young children, older adults, or anyone with fast breathing. Encourage fluids and rest, and refer urgently for severe breathlessness, chest indrawing, confusion, or blue lips.","cough,fever,runny_nose,sore_throat,breathlessness,chest_pain"
Acute respiratory infection,fever,runny_nose,sore_throat,breathlessness,chest_pain,,,,,,,,,,,,,37.5-39.5°C / 99.5-103.1°F,"Assess promptly, especially in young children, older adults, or anyone with fast breathing. Encourage fluids and rest, and refer urgently for severe breathlessness, chest indrawing, confusion, or blue lips.","fever,runny_nose,sore_throat,breathlessness,chest_pain"
Acute respiratory infection,cough,runny_nose,sore_throat,breathlessness,chest_pain,,,,,,,,,,,,,37.5-39.5°C / 99.5-103.1°F,"Assess promptly, especially in young children, older adults, or anyone with fast breathing. Encourage fluids and rest, and refer urgently for severe breathlessness, chest indrawing, confusion, or blue lips.","cough,runny_nose,sore_throat,breathlessness,chest_pain"
Acute respiratory infection,cough,fever,sore_throat,breathlessness,chest_pain,,,,,,,,,,,,,37.5-39.5°C / 99.5-103.1°F,"Assess promptly, especially in young children, older adults, or anyone with fast breathing. Encourage fluids and rest, and refer urgently for severe breathlessness, chest indrawing, confusion, or blue lips.","cough,fever,sore_throat,breathlessness,chest_pain"
Acute respiratory infection,cough,fever,runny_nose,breathlessness,chest_pain,,,,,,,,,,,,,37.5-39.5°C / 99.5-103.1°F,"Assess promptly, especially in young children, older adults, or anyone with fast breathing. Encourage fluids and rest, and refer urgently for severe breathlessness, chest indrawing, confusion, or blue lips.","cough,fever,runny_nose,breathlessness,chest_pain"
Acute respiratory infection,cough,fever,runny_nose,sore_throat,chest_pain,,,,,,,,,,,,,37.5-39.5°C / 99.5-103.1°F,"Assess promptly, especially in young children, older adults, or anyone with fast breathing. Encourage fluids and rest, and refer urgently for severe breathlessness, chest indrawing, confusion, or blue lips.","cough,fever,runny_nose,sore_throat,chest_pain"
Bronchiolitis,cough,runny_nose,wheezing,rapid_breathing,poor_feeding,chest_indrawing,,,,,,,,,,,,37.5-39.5°C / 99.5-103.1°F,"Seek same-day assessment for infants with wheezing or poor feeding. Refer urgently for pauses in breathing, severe chest indrawing, blue lips, dehydration, or exhaustion.","cough,runny_nose,wheezing,rapid_breathing,poor_feeding,chest_indrawing"
Bronchiolitis,runny_nose,wheezing,rapid_breathing,poor_feeding,chest_indrawing,,,,,,,,,,,,,37.5-39.5°C / 99.5-103.1°F,"Seek same-day assessment for infants with wheezing or poor feeding. Refer urgently for pauses in breathing, severe chest indrawing, blue lips, dehydration, or exhaustion.","runny_nose,wheezing,rapid_breathing,poor_feeding,chest_indrawing"
Bronchiolitis,cough,wheezing,rapid_breathing,poor_feeding,chest_indrawing,,,,,,,,,,,,,37.5-39.5°C / 99.5-103.1°F,"Seek same-day assessment for infants with wheezing or poor feeding. Refer urgently for pauses in breathing, severe chest indrawing, blue lips, dehydration, or exhaustion.","cough,wheezing,rapid_breathing,poor_feeding,chest_indrawing"
Bronchiolitis,cough,runny_nose,rapid_breathing,poor_feeding,chest_indrawing,,,,,,,,,,,,,37.5-39.5°C / 99.5-103.1°F,"Seek same-day assessment for infants with wheezing or poor feeding. Refer urgently for pauses in breathing, severe chest indrawing, blue lips, dehydration, or exhaustion.","cough,runny_nose,rapid_breathing,poor_feeding,chest_indrawing"
Bronchiolitis,cough,runny_nose,wheezing,poor_feeding,chest_indrawing,,,,,,,,,,,,,37.5-39.5°C / 99.5-103.1°F,"Seek same-day assessment for infants with wheezing or poor feeding. Refer urgently for pauses in breathing, severe chest indrawing, blue lips, dehydration, or exhaustion.","cough,runny_nose,wheezing,poor_feeding,chest_indrawing"
Bronchiolitis,cough,runny_nose,wheezing,rapid_breathing,chest_indrawing,,,,,,,,,,,,,37.5-39.5°C / 99.5-103.1°F,"Seek same-day assessment for infants with wheezing or poor feeding. Refer urgently for pauses in breathing, severe chest indrawing, blue lips, dehydration, or exhaustion.","cough,runny_nose,wheezing,rapid_breathing,chest_indrawing"
Croup,barking_cough,hoarse_voice,noisy_breathing,runny_nose,fever,chest_indrawing,,,,,,,,,,,,37.5-39.0°C / 99.5-102.2°F,"Keep the child calm and arrange medical assessment. Refer urgently for noisy breathing at rest, chest indrawing, drooling, inability to drink, or worsening breathing.","barking_cough,hoarse_voice,noisy_breathing,runny_nose,fever,chest_indrawing"
Croup,hoarse_voice,noisy_breathing,runny_nose,fever,chest_indrawing,,,,,,,,,,,,,37.5-39.0°C / 99.5-102.2°F,"Keep the child calm and arrange medical assessment. Refer urgently for noisy breathing at rest, chest indrawing, drooling, inability to drink, or worsening breathing.","hoarse_voice,noisy_breathing,runny_nose,fever,chest_indrawing"
Croup,barking_cough,noisy_breathing,runny_nose,fever,chest_indrawing,,,,,,,,,,,,,37.5-39.0°C / 99.5-102.2°F,"Keep the child calm and arrange medical assessment. Refer urgently for noisy breathing at rest, chest indrawing, drooling, inability to drink, or worsening breathing.","barking_cough,noisy_breathing,runny_nose,fever,chest_indrawing"
Croup,barking_cough,hoarse_voice,runny_nose,fever,chest_indrawing,,,,,,,,,,,,,37.5-39.0°C / 99.5-102.2°F,"Keep the child calm and arrange medical assessment. Refer urgently for noisy breathing at rest, chest indrawing, drooling, inability to drink, or worsening breathing.","barking_cough,hoarse_voice,runny_nose,fever,chest_indrawing"
Croup,barking_cough,hoarse_voice,noisy_breathing,fever,chest_indrawing,,,,,,,,,,,,,37.5-39.0°C / 99.5-102.2°F,"Keep the child calm and arrange medical assessment. Refer urgently for noisy breathing at rest, chest indrawing, drooling, inability to drink, or worsening breathing.","barking_cough,hoarse_voice,noisy_breathing,fever,chest_indrawing"
Croup,barking_cough,hoarse_voice,noisy_breathing,runny_nose,chest_indrawing,,,,,,,,,,,,,37.5-39.0°C / 99.5-102.2°F,"Keep the child calm and arrange medical assessment. Refer urgently for noisy breathing at rest, chest indrawing, drooling, inability to drink, or worsening breathing.","barking_cough,hoarse_voice,noisy_breathing,runny_nose,chest_indrawing"
Conjunctivitis,redness_of_eyes,eye_discharge,eye_irritation,swollen_eyelids,eye_pain,blurred_vision,,,,,,,,,,,,36.1-37.5°C / 97-99.5°F,"Keep hands and face clean, avoid sharing towels, and arrange clinic assessment. Urgent eye review is needed for severe pain, light sensitivity, reduced vision, or injury.","redness_of_eyes,eye_discharge,eye_irritation,swollen_eyelids,eye_pain,blurred_vision"
Conjunctivitis,eye_discharge,eye_irritation,swollen_eyelids,eye_pain,blurred_vision,,,,,,,,,,,,,36.1-37.5°C / 97-99.5°F,"Keep hands and face clean, avoid sharing towels, and arrange clinic assessment. Urgent eye review is needed for severe pain, light sensitivity, reduced vision, or injury.","eye_discharge,eye_irritation,swollen_eyelids,eye_pain,blurred_vision"
Conjunctivitis,redness_of_eyes,eye_irritation,swollen_eyelids,eye_pain,blurred_vision,,,,,,,,,,,,,36.1-37.5°C / 97-99.5°F,"Keep hands and face clean, avoid sharing towels, and arrange clinic assessment. Urgent eye review is needed for severe pain, light sensitivity, reduced vision, or injury.","redness_of_eyes,eye_irritation,swollen_eyelids,eye_pain,blurred_vision"
Conjunctivitis,redness_of_eyes,eye_discharge,swollen_eyelids,eye_pain,blurred_vision,,,,,,,,,,,,,36.1-37.5°C / 97-99.5°F,"Keep hands and face clean, avoid sharing towels, and arrange clinic assessment. Urgent eye review is needed for severe pain, light sensitivity, reduced vision, or injury.","redness_of_eyes,eye_discharge,swollen_eyelids,eye_pain,blurred_vision"
Conjunctivitis,redness_of_eyes,eye_discharge,eye_irritation,eye_pain,blurred_vision,,,,,,,,,,,,,36.1-37.5°C / 97-99.5°F,"Keep hands and face clean, avoid sharing towels, and arrange clinic assessment. Urgent eye review is needed for severe pain, light sensitivity, reduced vision, or injury.","redness_of_eyes,eye_discharge,eye_irritation,eye_pain,blurred_vision"
Conjunctivitis,redness_of_eyes,eye_discharge,eye_irritation,swollen_eyelids,blurred_vision,,,,,,,,,,,,,36.1-37.5°C / 97-99.5°F,"Keep hands and face clean, avoid sharing towels, and arrange clinic assessment. Urgent eye review is needed for severe pain, light sensitivity, reduced vision, or injury.","redness_of_eyes,eye_discharge,eye_irritation,swollen_eyelids,blurred_vision"
Otitis media,ear_pain,fever,hearing_loss,ear_discharge,irritability,difficulty_sleeping,,,,,,,,,,,,37.5-39.0°C / 99.5-102.2°F,"Arrange medical assessment, especially for infants or persistent pain. Seek urgent care for swelling behind the ear, severe illness, facial weakness, or worsening discharge.","ear_pain,fever,hearing_loss,ear_discharge,irritability,difficulty_sleeping"
Otitis media,fever,hearing_loss,ear_discharge,irritability,difficulty_sleeping,,,,,,,,,,,,,37.5-39.0°C / 99.5-102.2°F,"Arrange medical assessment, especially for infants or persistent pain. Seek urgent care for swelling behind the ear, severe illness, facial weakness, or worsening discharge.","fever,hearing_loss,ear_discharge,irritability,difficulty_sleeping"
Otitis media,ear_pain,hearing_loss,ear_discharge,irritability,difficulty_sleeping,,,,,,,,,,,,,37.5-39.0°C / 99.5-102.2°F,"Arrange medical assessment, especially for infants or persistent pain. Seek urgent care for swelling behind the ear, severe illness, facial weakness, or worsening discharge.","ear_pain,hearing_loss,ear_discharge,irritability,difficulty_sleeping"
Otitis media,ear_pain,fever,ear_discharge,irritability,difficulty_sleeping,,,,,,,,,,,,,37.5-39.0°C / 99.5-102.2°F,"Arrange medical assessment, especially for infants or persistent pain. Seek urgent care for swelling behind the ear, severe illness, facial weakness, or worsening discharge.","ear_pain,fever,ear_discharge,irritability,difficulty_sleeping"
Otitis media,ear_pain,fever,hearing_loss,irritability,difficulty_sleeping,,,,,,,,,,,,,37.5-39.0°C / 99.5-102.2°F,"Arrange medical assessment, especially for infants or persistent pain. Seek urgent care for swelling behind the ear, severe illness, facial weakness, or worsening discharge.","ear_pain,fever,hearing_loss,irritability,difficulty_sleeping"
Otitis media,ear_pain,fever,hearing_loss,ear_discharge,difficulty_sleeping,,,,,,,,,,,,,37.5-39.0°C / 99.5-102.2°F,"Arrange medical assessment, especially for infants or persistent pain. Seek urgent care for swelling behind the ear, severe illness, facial weakness, or worsening discharge.","ear_pain,fever,hearing_loss,ear_discharge,difficulty_sleeping"
Snakebite,snake_bite,pain,swelling,bleeding,weakness,difficulty_breathing,,,,,,,,,,,,36.5-38.5°C / 97.7-101.3°F,"Treat as an emergency: keep the person still, immobilize the affected limb, remove rings or tight items, and transport immediately. Do not cut, suck, burn, or apply a tourniquet to the wound.","snake_bite,pain,swelling,bleeding,weakness,difficulty_breathing"
Snakebite,pain,swelling,bleeding,weakness,difficulty_breathing,,,,,,,,,,,,,36.5-38.5°C / 97.7-101.3°F,"Treat as an emergency: keep the person still, immobilize the affected limb, remove rings or tight items, and transport immediately. Do not cut, suck, burn, or apply a tourniquet to the wound.","pain,swelling,bleeding,weakness,difficulty_breathing"
Snakebite,snake_bite,swelling,bleeding,weakness,difficulty_breathing,,,,,,,,,,,,,36.5-38.5°C / 97.7-101.3°F,"Treat as an emergency: keep the person still, immobilize the affected limb, remove rings or tight items, and transport immediately. Do not cut, suck, burn, or apply a tourniquet to the wound.","snake_bite,swelling,bleeding,weakness,difficulty_breathing"
Snakebite,snake_bite,pain,bleeding,weakness,difficulty_breathing,,,,,,,,,,,,,36.5-38.5°C / 97.7-101.3°F,"Treat as an emergency: keep the person still, immobilize the affected limb, remove rings or tight items, and transport immediately. Do not cut, suck, burn, or apply a tourniquet to the wound.","snake_bite,pain,bleeding,weakness,difficulty_breathing"
Snakebite,snake_bite,pain,swelling,weakness,difficulty_breathing,,,,,,,,,,,,,36.5-38.5°C / 97.7-101.3°F,"Treat as an emergency: keep the person still, immobilize the affected limb, remove rings or tight items, and transport immediately. Do not cut, suck, burn, or apply a tourniquet to the wound.","snake_bite,pain,swelling,weakness,difficulty_breathing"
Snakebite,snake_bite,pain,swelling,bleeding,difficulty_breathing,,,,,,,,,,,,,36.5-38.5°C / 97.7-101.3°F,"Treat as an emergency: keep the person still, immobilize the affected limb, remove rings or tight items, and transport immediately. Do not cut, suck, burn, or apply a tourniquet to the wound.","snake_bite,pain,swelling,bleeding,difficulty_breathing"
Rabies exposure,animal_bite,animal_scratch,wound,pain,bleeding,fear_of_water,,,,,,,,,,,,36.1-38.0°C / 97-100.4°F,Wash any bite or scratch thoroughly with soap and running water for 15 minutes and seek urgent post-exposure vaccination assessment. Do not wait for symptoms; avoid handling the animal without trained guidance.,"animal_bite,animal_scratch,wound,pain,bleeding,fear_of_water"
Rabies exposure,animal_scratch,wound,pain,bleeding,fear_of_water,,,,,,,,,,,,,36.1-38.0°C / 97-100.4°F,Wash any bite or scratch thoroughly with soap and running water for 15 minutes and seek urgent post-exposure vaccination assessment. Do not wait for symptoms; avoid handling the animal without trained guidance.,"animal_scratch,wound,pain,bleeding,fear_of_water"
Rabies exposure,animal_bite,wound,pain,bleeding,fear_of_water,,,,,,,,,,,,,36.1-38.0°C / 97-100.4°F,Wash any bite or scratch thoroughly with soap and running water for 15 minutes and seek urgent post-exposure vaccination assessment. Do not wait for symptoms; avoid handling the animal without trained guidance.,"animal_bite,wound,pain,bleeding,fear_of_water"
Rabies exposure,animal_bite,animal_scratch,pain,bleeding,fear_of_water,,,,,,,,,,,,,36.1-38.0°C / 97-100.4°F,Wash any bite or scratch thoroughly with soap and running water for 15 minutes and seek urgent post-exposure vaccination assessment. Do not wait for symptoms; avoid handling the animal without trained guidance.,"animal_bite,animal_scratch,pain,bleeding,fear_of_water"
Rabies exposure,animal_bite,animal_scratch,wound,bleeding,fear_of_water,,,,,,,,,,,,,36.1-38.0°C / 97-100.4°F,Wash any bite or scratch thoroughly with soap and running water for 15 minutes and seek urgent post-exposure vaccination assessment. Do not wait for symptoms; avoid handling the animal without trained guidance.,"animal_bite,animal_scratch,wound,bleeding,fear_of_water"
Rabies exposure,animal_bite,animal_scratch,wound,pain,fear_of_water,,,,,,,,,,,,,36.1-38.0°C / 97-100.4°F,Wash any bite or scratch thoroughly with soap and running water for 15 minutes and seek urgent post-exposure vaccination assessment. Do not wait for symptoms; avoid handling the animal without trained guidance.,"animal_bite,animal_scratch,wound,pain,fear_of_water"
Heat illness,heavy_sweating,weakness,dizziness,headache,nausea,confusion,,,,,,,,,,,,38.0-40.0°C / 100.4-104°F,"Move to a cool place, loosen clothing, cool the body, and give small sips of oral fluid if fully alert. Emergency referral is required for confusion, fainting, seizures, inability to drink, or very high temperature.","heavy_sweating,weakness,dizziness,headache,nausea,confusion"
Heat illness,weakness,dizziness,headache,nausea,confusion,,,,,,,,,,,,,38.0-40.0°C / 100.4-104°F,"Move to a cool place, loosen clothing, cool the body, and give small sips of oral fluid if fully alert. Emergency referral is required for confusion, fainting, seizures, inability to drink, or very high temperature.","weakness,dizziness,headache,nausea,confusion"
Heat illness,heavy_sweating,dizziness,headache,nausea,confusion,,,,,,,,,,,,,38.0-40.0°C / 100.4-104°F,"Move to a cool place, loosen clothing, cool the body, and give small sips of oral fluid if fully alert. Emergency referral is required for confusion, fainting, seizures, inability to drink, or very high temperature.","heavy_sweating,dizziness,headache,nausea,confusion"
Heat illness,heavy_sweating,weakness,headache,nausea,confusion,,,,,,,,,,,,,38.0-40.0°C / 100.4-104°F,"Move to a cool place, loosen clothing, cool the body, and give small sips of oral fluid if fully alert. Emergency referral is required for confusion, fainting, seizures, inability to drink, or very high temperature.","heavy_sweating,weakness,headache,nausea,confusion"
Heat illness,heavy_sweating,weakness,dizziness,nausea,confusion,,,,,,,,,,,,,38.0-40.0°C / 100.4-104°F,"Move to a cool place, loosen clothing, cool the body, and give small sips of oral fluid if fully alert. Emergency referral is required for confusion, fainting, seizures, inability to drink, or very high temperature.","heavy_sweating,weakness,dizziness,nausea,confusion"
Heat illness,heavy_sweating,weakness,dizziness,headache,confusion,,,,,,,,,,,,,38.0-40.0°C / 100.4-104°F,"Move to a cool place, loosen clothing, cool the body, and give small sips of oral fluid if fully alert. Emergency referral is required for confusion, fainting, seizures, inability to drink, or very high temperature.","heavy_sweating,weakness,dizziness,headache,confusion"
Preeclampsia,high_blood_pressure,severe_headache,blurred_vision,swelling_face,abdominal_pain,convulsions,,,,,,,,,,,,36.5-38.0°C / 97.7-100.4°F,"This can become life-threatening in pregnancy or after delivery. Refer immediately for blood-pressure assessment and emergency obstetric care, especially with severe headache, visual changes, upper abdominal pain, or convulsions.","high_blood_pressure,severe_headache,blurred_vision,swelling_face,abdominal_pain,convulsions"
Preeclampsia,severe_headache,blurred_vision,swelling_face,abdominal_pain,convulsions,,,,,,,,,,,,,36.5-38.0°C / 97.7-100.4°F,"This can become life-threatening in pregnancy or after delivery. Refer immediately for blood-pressure assessment and emergency obstetric care, especially with severe headache, visual changes, upper abdominal pain, or convulsions.","severe_headache,blurred_vision,swelling_face,abdominal_pain,convulsions"
Preeclampsia,high_blood_pressure,blurred_vision,swelling_face,abdominal_pain,convulsions,,,,,,,,,,,,,36.5-38.0°C / 97.7-100.4°F,"This can become life-threatening in pregnancy or after delivery. Refer immediately for blood-pressure assessment and emergency obstetric care, especially with severe headache, visual changes, upper abdominal pain, or convulsions.","high_blood_pressure,blurred_vision,swelling_face,abdominal_pain,convulsions"
Preeclampsia,high_blood_pressure,severe_headache,swelling_face,abdominal_pain,convulsions,,,,,,,,,,,,,36.5-38.0°C / 97.7-100.4°F,"This can become life-threatening in pregnancy or after delivery. Refer immediately for blood-pressure assessment and emergency obstetric care, especially with severe headache, visual changes, upper abdominal pain, or convulsions.","high_blood_pressure,severe_headache,swelling_face,abdominal_pain,convulsions"
Preeclampsia,high_blood_pressure,severe_headache,blurred_vision,abdominal_pain,convulsions,,,,,,,,,,,,,36.5-38.0°C / 97.7-100.4°F,"This can become life-threatening in pregnancy or after delivery. Refer immediately for blood-pressure assessment and emergency obstetric care, especially with severe headache, visual changes, upper abdominal pain, or convulsions.","high_blood_pressure,severe_headache,blurred_vision,abdominal_pain,convulsions"
Preeclampsia,high_blood_pressure,severe_headache,blurred_vision,swelling_face,convulsions,,,,,,,,,,,,,36.5-38.0°C / 97.7-100.4°F,"This can become life-threatening in pregnancy or after delivery. Refer immediately for blood-pressure assessment and emergency obstetric care, especially with severe headache, visual changes, upper abdominal pain, or convulsions.","high_blood_pressure,severe_headache,blurred_vision,swelling_face,convulsions"
Postpartum hemorrhage,heavy_vaginal_bleeding,dizziness,weakness,pale_skin,rapid_heart_rate,fainting,,,,,,,,,,,,36.0-38.0°C / 96.8-100.4°F,"Treat as an obstetric emergency. Call for immediate skilled help, keep the mother warm and lying down, and arrange rapid transfer; do not delay for home remedies.","heavy_vaginal_bleeding,dizziness,weakness,pale_skin,rapid_heart_rate,fainting"
Postpartum hemorrhage,dizziness,weakness,pale_skin,rapid_heart_rate,fainting,,,,,,,,,,,,,36.0-38.0°C / 96.8-100.4°F,"Treat as an obstetric emergency. Call for immediate skilled help, keep the mother warm and lying down, and arrange rapid transfer; do not delay for home remedies.","dizziness,weakness,pale_skin,rapid_heart_rate,fainting"
Postpartum hemorrhage,heavy_vaginal_bleeding,weakness,pale_skin,rapid_heart_rate,fainting,,,,,,,,,,,,,36.0-38.0°C / 96.8-100.4°F,"Treat as an obstetric emergency. Call for immediate skilled help, keep the mother warm and lying down, and arrange rapid transfer; do not delay for home remedies.","heavy_vaginal_bleeding,weakness,pale_skin,rapid_heart_rate,fainting"
Postpartum hemorrhage,heavy_vaginal_bleeding,dizziness,pale_skin,rapid_heart_rate,fainting,,,,,,,,,,,,,36.0-38.0°C / 96.8-100.4°F,"Treat as an obstetric emergency. Call for immediate skilled help, keep the mother warm and lying down, and arrange rapid transfer; do not delay for home remedies.","heavy_vaginal_bleeding,dizziness,pale_skin,rapid_heart_rate,fainting"
Postpartum hemorrhage,heavy_vaginal_bleeding,dizziness,weakness,rapid_heart_rate,fainting,,,,,,,,,,,,,36.0-38.0°C / 96.8-100.4°F,"Treat as an obstetric emergency. Call for immediate skilled help, keep the mother warm and lying down, and arrange rapid transfer; do not delay for home remedies.","heavy_vaginal_bleeding,dizziness,weakness,rapid_heart_rate,fainting"
Postpartum hemorrhage,heavy_vaginal_bleeding,dizziness,weakness,pale_skin,fainting,,,,,,,,,,,,,36.0-38.0°C / 96.8-100.4°F,"Treat as an obstetric emergency. Call for immediate skilled help, keep the mother warm and lying down, and arrange rapid transfer; do not delay for home remedies.","heavy_vaginal_bleeding,dizziness,weakness,pale_skin,fainting"
Neonatal sepsis,fever,low_temperature,poor_feeding,lethargy,rapid_breathing,convulsions,,,,,,,,,,,,36.0-39.0°C / 96.8-102.2°F,"Refer a newborn urgently for hospital evaluation and antibiotics. Danger signs include poor feeding, lethargy, abnormal temperature, fast breathing, seizures, or reduced responsiveness.","fever,low_temperature,poor_feeding,lethargy,rapid_breathing,convulsions"
Neonatal sepsis,low_temperature,poor_feeding,lethargy,rapid_breathing,convulsions,,,,,,,,,,,,,36.0-39.0°C / 96.8-102.2°F,"Refer a newborn urgently for hospital evaluation and antibiotics. Danger signs include poor feeding, lethargy, abnormal temperature, fast breathing, seizures, or reduced responsiveness.","low_temperature,poor_feeding,lethargy,rapid_breathing,convulsions"
Neonatal sepsis,fever,poor_feeding,lethargy,rapid_breathing,convulsions,,,,,,,,,,,,,36.0-39.0°C / 96.8-102.2°F,"Refer a newborn urgently for hospital evaluation and antibiotics. Danger signs include poor feeding, lethargy, abnormal temperature, fast breathing, seizures, or reduced responsiveness.","fever,poor_feeding,lethargy,rapid_breathing,convulsions"
Neonatal sepsis,fever,low_temperature,lethargy,rapid_breathing,convulsions,,,,,,,,,,,,,36.0-39.0°C / 96.8-102.2°F,"Refer a newborn urgently for hospital evaluation and antibiotics. Danger signs include poor feeding, lethargy, abnormal temperature, fast breathing, seizures, or reduced responsiveness.","fever,low_temperature,lethargy,rapid_breathing,convulsions"
Neonatal sepsis,fever,low_temperature,poor_feeding,rapid_breathing,convulsions,,,,,,,,,,,,,36.0-39.0°C / 96.8-102.2°F,"Refer a newborn urgently for hospital evaluation and antibiotics. Danger signs include poor feeding, lethargy, abnormal temperature, fast breathing, seizures, or reduced responsiveness.","fever,low_temperature,poor_feeding,rapid_breathing,convulsions"
Neonatal sepsis,fever,low_temperature,poor_feeding,lethargy,convulsions,,,,,,,,,,,,,36.0-39.0°C / 96.8-102.2°F,"Refer a newborn urgently for hospital evaluation and antibiotics. Danger signs include poor feeding, lethargy, abnormal temperature, fast breathing, seizures, or reduced responsiveness.","fever,low_temperature,poor_feeding,lethargy,convulsions"
Measles pneumonia,measles_rash,cough,high_fever,fast_breathing,chest_indrawing,breathlessness,,,,,,,,,,,,39.0-40.5°C / 102.2-104.9°F,"Arrange urgent assessment, isolation, hydration, and vitamin A according to local guidance. Refer immediately for chest indrawing, severe breathing difficulty, cyanosis, or altered consciousness.","measles_rash,cough,high_fever,fast_breathing,chest_indrawing,breathlessness"
Measles pneumonia,cough,high_fever,fast_breathing,chest_indrawing,breathlessness,,,,,,,,,,,,,39.0-40.5°C / 102.2-104.9°F,"Arrange urgent assessment, isolation, hydration, and vitamin A according to local guidance. Refer immediately for chest indrawing, severe breathing difficulty, cyanosis, or altered consciousness.","cough,high_fever,fast_breathing,chest_indrawing,breathlessness"
Measles pneumonia,measles_rash,high_fever,fast_breathing,chest_indrawing,breathlessness,,,,,,,,,,,,,39.0-40.5°C / 102.2-104.9°F,"Arrange urgent assessment, isolation, hydration, and vitamin A according to local guidance. Refer immediately for chest indrawing, severe breathing difficulty, cyanosis, or altered consciousness.","measles_rash,high_fever,fast_breathing,chest_indrawing,breathlessness"
Measles pneumonia,measles_rash,cough,fast_breathing,chest_indrawing,breathlessness,,,,,,,,,,,,,39.0-40.5°C / 102.2-104.9°F,"Arrange urgent assessment, isolation, hydration, and vitamin A according to local guidance. Refer immediately for chest indrawing, severe breathing difficulty, cyanosis, or altered consciousness.","measles_rash,cough,fast_breathing,chest_indrawing,breathlessness"
Measles pneumonia,measles_rash,cough,high_fever,chest_indrawing,breathlessness,,,,,,,,,,,,,39.0-40.5°C / 102.2-104.9°F,"Arrange urgent assessment, isolation, hydration, and vitamin A according to local guidance. Refer immediately for chest indrawing, severe breathing difficulty, cyanosis, or altered consciousness.","measles_rash,cough,high_fever,chest_indrawing,breathlessness"
Measles pneumonia,measles_rash,cough,high_fever,fast_breathing,breathlessness,,,,,,,,,,,,,39.0-40.5°C / 102.2-104.9°F,"Arrange urgent assessment, isolation, hydration, and vitamin A according to local guidance. Refer immediately for chest indrawing, severe breathing difficulty, cyanosis, or altered consciousness.","measles_rash,cough,high_fever,fast_breathing,breathlessness"
Acute malnutrition,weight_loss,poor_growth,swelling_legs,weakness,loss_of_appetite,recurrent_infections,,,,,,,,,,,,35.5-37.5°C / 95.9-99.5°F,"Refer promptly for nutrition screening and therapeutic feeding support. Keep the child warm and continue safe feeding as advised; urgent care is needed for lethargy, infection, dehydration, or severe swelling.","weight_loss,poor_growth,swelling_legs,weakness,loss_of_appetite,recurrent_infections"
Acute malnutrition,poor_growth,swelling_legs,weakness,loss_of_appetite,recurrent_infections,,,,,,,,,,,,,35.5-37.5°C / 95.9-99.5°F,"Refer promptly for nutrition screening and therapeutic feeding support. Keep the child warm and continue safe feeding as advised; urgent care is needed for lethargy, infection, dehydration, or severe swelling.","poor_growth,swelling_legs,weakness,loss_of_appetite,recurrent_infections"
Acute malnutrition,weight_loss,swelling_legs,weakness,loss_of_appetite,recurrent_infections,,,,,,,,,,,,,35.5-37.5°C / 95.9-99.5°F,"Refer promptly for nutrition screening and therapeutic feeding support. Keep the child warm and continue safe feeding as advised; urgent care is needed for lethargy, infection, dehydration, or severe swelling.","weight_loss,swelling_legs,weakness,loss_of_appetite,recurrent_infections"
Acute malnutrition,weight_loss,poor_growth,weakness,loss_of_appetite,recurrent_infections,,,,,,,,,,,,,35.5-37.5°C / 95.9-99.5°F,"Refer promptly for nutrition screening and therapeutic feeding support. Keep the child warm and continue safe feeding as advised; urgent care is needed for lethargy, infection, dehydration, or severe swelling.","weight_loss,poor_growth,weakness,loss_of_appetite,recurrent_infections"
Acute malnutrition,weight_loss,poor_growth,swelling_legs,loss_of_appetite,recurrent_infections,,,,,,,,,,,,,35.5-37.5°C / 95.9-99.5°F,"Refer promptly for nutrition screening and therapeutic feeding support. Keep the child warm and continue safe feeding as advised; urgent care is needed for lethargy, infection, dehydration, or severe swelling.","weight_loss,poor_growth,swelling_legs,loss_of_appetite,recurrent_infections"
Acute malnutrition,weight_loss,poor_growth,swelling_legs,weakness,recurrent_infections,,,,,,,,,,,,,35.5-37.5°C / 95.9-99.5°F,"Refer promptly for nutrition screening and therapeutic feeding support. Keep the child warm and continue safe feeding as advised; urgent care is needed for lethargy, infection, dehydration, or severe swelling.","weight_loss,poor_growth,swelling_legs,weakness,recurrent_infections"
Tungiasis,itching,foot_lesions,foot_pain,swelling,skin_inflammation,difficulty_walking,,,,,,,,,,,,36.1-37.5°C / 97-99.5°F,"Arrange safe removal and wound care at a clinic, especially when lesions are numerous or infected. Wear footwear, improve household flooring, and avoid digging lesions out with unclean tools.","itching,foot_lesions,foot_pain,swelling,skin_inflammation,difficulty_walking"
Tungiasis,foot_lesions,foot_pain,swelling,skin_inflammation,difficulty_walking,,,,,,,,,,,,,36.1-37.5°C / 97-99.5°F,"Arrange safe removal and wound care at a clinic, especially when lesions are numerous or infected. Wear footwear, improve household flooring, and avoid digging lesions out with unclean tools.","foot_lesions,foot_pain,swelling,skin_inflammation,difficulty_walking"
Tungiasis,itching,foot_pain,swelling,skin_inflammation,difficulty_walking,,,,,,,,,,,,,36.1-37.5°C / 97-99.5°F,"Arrange safe removal and wound care at a clinic, especially when lesions are numerous or infected. Wear footwear, improve household flooring, and avoid digging lesions out with unclean tools.","itching,foot_pain,swelling,skin_inflammation,difficulty_walking"
Tungiasis,itching,foot_lesions,swelling,skin_inflammation,difficulty_walking,,,,,,,,,,,,,36.1-37.5°C / 97-99.5°F,"Arrange safe removal and wound care at a clinic, especially when lesions are numerous or infected. Wear footwear, improve household flooring, and avoid digging lesions out with unclean tools.","itching,foot_lesions,swelling,skin_inflammation,difficulty_walking"
Tungiasis,itching,foot_lesions,foot_pain,skin_inflammation,difficulty_walking,,,,,,,,,,,,,36.1-37.5°C / 97-99.5°F,"Arrange safe removal and wound care at a clinic, especially when lesions are numerous or infected. Wear footwear, improve household flooring, and avoid digging lesions out with unclean tools.","itching,foot_lesions,foot_pain,skin_inflammation,difficulty_walking"
Tungiasis,itching,foot_lesions,foot_pain,swelling,difficulty_walking,,,,,,,,,,,,,36.1-37.5°C / 97-99.5°F,"Arrange safe removal and wound care at a clinic, especially when lesions are numerous or infected. Wear footwear, improve household flooring, and avoid digging lesions out with unclean tools.","itching,foot_lesions,foot_pain,swelling,difficulty_walking"
Chagas disease,fever,fatigue,swollen_lymph_nodes,abdominal_pain,heart_palpitations,shortness_of_breath,,,,,,,,,,,,37.5-39.0°C / 99.5-102.2°F,"Arrange clinic testing and specialist follow-up. Early antiparasitic treatment is important; seek urgent care for fainting, severe palpitations, breathlessness, or chest pain.","fever,fatigue,swollen_lymph_nodes,abdominal_pain,heart_palpitations,shortness_of_breath"
Chagas disease,fatigue,swollen_lymph_nodes,abdominal_pain,heart_palpitations,shortness_of_breath,,,,,,,,,,,,,37.5-39.0°C / 99.5-102.2°F,"Arrange clinic testing and specialist follow-up. Early antiparasitic treatment is important; seek urgent care for fainting, severe palpitations, breathlessness, or chest pain.","fatigue,swollen_lymph_nodes,abdominal_pain,heart_palpitations,shortness_of_breath"
Chagas disease,fever,swollen_lymph_nodes,abdominal_pain,heart_palpitations,shortness_of_breath,,,,,,,,,,,,,37.5-39.0°C / 99.5-102.2°F,"Arrange clinic testing and specialist follow-up. Early antiparasitic treatment is important; seek urgent care for fainting, severe palpitations, breathlessness, or chest pain.","fever,swollen_lymph_nodes,abdominal_pain,heart_palpitations,shortness_of_breath"
Chagas disease,fever,fatigue,abdominal_pain,heart_palpitations,shortness_of_breath,,,,,,,,,,,,,37.5-39.0°C / 99.5-102.2°F,"Arrange clinic testing and specialist follow-up. Early antiparasitic treatment is important; seek urgent care for fainting, severe palpitations, breathlessness, or chest pain.","fever,fatigue,abdominal_pain,heart_palpitations,shortness_of_breath"
Chagas disease,fever,fatigue,swollen_lymph_nodes,heart_palpitations,shortness_of_breath,,,,,,,,,,,,,37.5-39.0°C / 99.5-102.2°F,"Arrange clinic testing and specialist follow-up. Early antiparasitic treatment is important; seek urgent care for fainting, severe palpitations, breathlessness, or chest pain.","fever,fatigue,swollen_lymph_nodes,heart_palpitations,shortness_of_breath"
Chagas disease,fever,fatigue,swollen_lymph_nodes,abdominal_pain,shortness_of_breath,,,,,,,,,,,,,37.5-39.0°C / 99.5-102.2°F,"Arrange clinic testing and specialist follow-up. Early antiparasitic treatment is important; seek urgent care for fainting, severe palpitations, breathlessness, or chest pain.","fever,fatigue,swollen_lymph_nodes,abdominal_pain,shortness_of_breath"
Leishmaniasis,fever,weight_loss,enlarged_spleen,enlarged_liver,skin_ulcers,fatigue,,,,,,,,,,,,38.0-40.0°C / 100.4-104°F,"Seek prompt assessment for testing and specialist treatment. Protect against sandfly bites and refer urgently for severe weakness, bleeding, or breathing difficulty.","fever,weight_loss,enlarged_spleen,enlarged_liver,skin_ulcers,fatigue"
Leishmaniasis,weight_loss,enlarged_spleen,enlarged_liver,skin_ulcers,fatigue,,,,,,,,,,,,,38.0-40.0°C / 100.4-104°F,"Seek prompt assessment for testing and specialist treatment. Protect against sandfly bites and refer urgently for severe weakness, bleeding, or breathing difficulty.","weight_loss,enlarged_spleen,enlarged_liver,skin_ulcers,fatigue"
Leishmaniasis,fever,enlarged_spleen,enlarged_liver,skin_ulcers,fatigue,,,,,,,,,,,,,38.0-40.0°C / 100.4-104°F,"Seek prompt assessment for testing and specialist treatment. Protect against sandfly bites and refer urgently for severe weakness, bleeding, or breathing difficulty.","fever,enlarged_spleen,enlarged_liver,skin_ulcers,fatigue"
Leishmaniasis,fever,weight_loss,enlarged_liver,skin_ulcers,fatigue,,,,,,,,,,,,,38.0-40.0°C / 100.4-104°F,"Seek prompt assessment for testing and specialist treatment. Protect against sandfly bites and refer urgently for severe weakness, bleeding, or breathing difficulty.","fever,weight_loss,enlarged_liver,skin_ulcers,fatigue"
Leishmaniasis,fever,weight_loss,enlarged_spleen,skin_ulcers,fatigue,,,,,,,,,,,,,38.0-40.0°C / 100.4-104°F,"Seek prompt assessment for testing and specialist treatment. Protect against sandfly bites and refer urgently for severe weakness, bleeding, or breathing difficulty.","fever,weight_loss,enlarged_spleen,skin_ulcers,fatigue"
Leishmaniasis,fever,weight_loss,enlarged_spleen,enlarged_liver,fatigue,,,,,,,,,,,,,38.0-40.0°C / 100.4-104°F,"Seek prompt assessment for testing and specialist treatment. Protect against sandfly bites and refer urgently for severe weakness, bleeding, or breathing difficulty.","fever,weight_loss,enlarged_spleen,enlarged_liver,fatigue"
Rift Valley fever,fever,headache,muscle_pain,joint_pain,vomiting,blurred_vision,,,,,,,,,,,,38.0-40.0°C / 100.4-104°F,Arrange urgent medical assessment and avoid contact with blood or animal tissues. Use mosquito protection and follow local public-health guidance during outbreaks.,"fever,headache,muscle_pain,joint_pain,vomiting,blurred_vision"
Rift Valley fever,headache,muscle_pain,joint_pain,vomiting,blurred_vision,,,,,,,,,,,,,38.0-40.0°C / 100.4-104°F,Arrange urgent medical assessment and avoid contact with blood or animal tissues. Use mosquito protection and follow local public-health guidance during outbreaks.,"headache,muscle_pain,joint_pain,vomiting,blurred_vision"
Rift Valley fever,fever,muscle_pain,joint_pain,vomiting,blurred_vision,,,,,,,,,,,,,38.0-40.0°C / 100.4-104°F,Arrange urgent medical assessment and avoid contact with blood or animal tissues. Use mosquito protection and follow local public-health guidance during outbreaks.,"fever,muscle_pain,joint_pain,vomiting,blurred_vision"
Rift Valley fever,fever,headache,joint_pain,vomiting,blurred_vision,,,,,,,,,,,,,38.0-40.0°C / 100.4-104°F,Arrange urgent medical assessment and avoid contact with blood or animal tissues. Use mosquito protection and follow local public-health guidance during outbreaks.,"fever,headache,joint_pain,vomiting,blurred_vision"
Rift Valley fever,fever,headache,muscle_pain,vomiting,blurred_vision,,,,,,,,,,,,,38.0-40.0°C / 100.4-104°F,Arrange urgent medical assessment and avoid contact with blood or animal tissues. Use mosquito protection and follow local public-health guidance during outbreaks.,"fever,headache,muscle_pain,vomiting,blurred_vision"
Rift Valley fever,fever,headache,muscle_pain,joint_pain,blurred_vision,,,,,,,,,,,,,38.0-40.0°C / 100.4-104°F,Arrange urgent medical assessment and avoid contact with blood or animal tissues. Use mosquito protection and follow local public-health guidance during outbreaks.,"fever,headache,muscle_pain,joint_pain,blurred_vision"
Acute rheumatic fever,fever,joint_pain,migratory_joint_pain,chest_pain,shortness_of_breath,skin_rash,,,,,,,,,,,,38.0-39.5°C / 100.4-103.1°F,"Refer for medical assessment after a sore throat or skin infection, especially with chest pain or breathlessness. Complete prescribed antibiotics and arrange follow-up to prevent heart damage.","fever,joint_pain,migratory_joint_pain,chest_pain,shortness_of_breath,skin_rash"
Acute rheumatic fever,joint_pain,migratory_joint_pain,chest_pain,shortness_of_breath,skin_rash,,,,,,,,,,,,,38.0-39.5°C / 100.4-103.1°F,"Refer for medical assessment after a sore throat or skin infection, especially with chest pain or breathlessness. Complete prescribed antibiotics and arrange follow-up to prevent heart damage.","joint_pain,migratory_joint_pain,chest_pain,shortness_of_breath,skin_rash"
Acute rheumatic fever,fever,migratory_joint_pain,chest_pain,shortness_of_breath,skin_rash,,,,,,,,,,,,,38.0-39.5°C / 100.4-103.1°F,"Refer for medical assessment after a sore throat or skin infection, especially with chest pain or breathlessness. Complete prescribed antibiotics and arrange follow-up to prevent heart damage.","fever,migratory_joint_pain,chest_pain,shortness_of_breath,skin_rash"
Acute rheumatic fever,fever,joint_pain,chest_pain,shortness_of_breath,skin_rash,,,,,,,,,,,,,38.0-39.5°C / 100.4-103.1°F,"Refer for medical assessment after a sore throat or skin infection, especially with chest pain or breathlessness. Complete prescribed antibiotics and arrange follow-up to prevent heart damage.","fever,joint_pain,chest_pain,shortness_of_breath,skin_rash"
Acute rheumatic fever,fever,joint_pain,migratory_joint_pain,shortness_of_breath,skin_rash,,,,,,,,,,,,,38.0-39.5°C / 100.4-103.1°F,"Refer for medical assessment after a sore throat or skin infection, especially with chest pain or breathlessness. Complete prescribed antibiotics and arrange follow-up to prevent heart damage.","fever,joint_pain,migratory_joint_pain,shortness_of_breath,skin_rash"
Acute rheumatic fever,fever,joint_pain,migratory_joint_pain,chest_pain,skin_rash,,,,,,,,,,,,,38.0-39.5°C / 100.4-103.1°F,"Refer for medical assessment after a sore throat or skin infection, especially with chest pain or breathlessness. Complete prescribed antibiotics and arrange follow-up to prevent heart damage.","fever,joint_pain,migratory_joint_pain,chest_pain,skin_rash"
Dental caries,toothache,tooth_sensitivity,tooth_hole,gum_swelling,facial_swelling,difficulty_chewing,,,,,,,,,,,,36.1-38.0°C / 97-100.4°F,"Arrange dental assessment for cleaning, filling, or treatment of infection. Brush with fluoride toothpaste, limit frequent sugary foods, and seek urgent care for facial swelling, fever, or difficulty swallowing.","toothache,tooth_sensitivity,tooth_hole,gum_swelling,facial_swelling,difficulty_chewing"
Dental caries,tooth_sensitivity,tooth_hole,gum_swelling,facial_swelling,difficulty_chewing,,,,,,,,,,,,,36.1-38.0°C / 97-100.4°F,"Arrange dental assessment for cleaning, filling, or treatment of infection. Brush with fluoride toothpaste, limit frequent sugary foods, and seek urgent care for facial swelling, fever, or difficulty swallowing.","tooth_sensitivity,tooth_hole,gum_swelling,facial_swelling,difficulty_chewing"
Dental caries,toothache,tooth_hole,gum_swelling,facial_swelling,difficulty_chewing,,,,,,,,,,,,,36.1-38.0°C / 97-100.4°F,"Arrange dental assessment for cleaning, filling, or treatment of infection. Brush with fluoride toothpaste, limit frequent sugary foods, and seek urgent care for facial swelling, fever, or difficulty swallowing.","toothache,tooth_hole,gum_swelling,facial_swelling,difficulty_chewing"
Dental caries,toothache,tooth_sensitivity,gum_swelling,facial_swelling,difficulty_chewing,,,,,,,,,,,,,36.1-38.0°C / 97-100.4°F,"Arrange dental assessment for cleaning, filling, or treatment of infection. Brush with fluoride toothpaste, limit frequent sugary foods, and seek urgent care for facial swelling, fever, or difficulty swallowing.","toothache,tooth_sensitivity,gum_swelling,facial_swelling,difficulty_chewing"
Dental caries,toothache,tooth_sensitivity,tooth_hole,facial_swelling,difficulty_chewing,,,,,,,,,,,,,36.1-38.0°C / 97-100.4°F,"Arrange dental assessment for cleaning, filling, or treatment of infection. Brush with fluoride toothpaste, limit frequent sugary foods, and seek urgent care for facial swelling, fever, or difficulty swallowing.","toothache,tooth_sensitivity,tooth_hole,facial_swelling,difficulty_chewing"
Dental caries,toothache,tooth_sensitivity,tooth_hole,gum_swelling,difficulty_chewing,,,,,,,,,,,,,36.1-38.0°C / 97-100.4°F,"Arrange dental assessment for cleaning, filling, or treatment of infection. Brush with fluoride toothpaste, limit frequent sugary foods, and seek urgent care for facial swelling, fever, or difficulty swallowing.","toothache,tooth_sensitivity,tooth_hole,gum_swelling,difficulty_chewing"
Sickle cell disease,fatigue,pale_skin,jaundice,bone_pain,swelling_hands,shortness_of_breath,,,,,,,,,,,,37.5-39.5°C / 99.5-103.1°F,"Seek specialist care for diagnosis and ongoing prevention. During severe pain, fever, chest pain, breathing difficulty, or weakness, seek emergency assessment; maintain hydration as advised.","fatigue,pale_skin,jaundice,bone_pain,swelling_hands,shortness_of_breath"
Sickle cell disease,pale_skin,jaundice,bone_pain,swelling_hands,shortness_of_breath,,,,,,,,,,,,,37.5-39.5°C / 99.5-103.1°F,"Seek specialist care for diagnosis and ongoing prevention. During severe pain, fever, chest pain, breathing difficulty, or weakness, seek emergency assessment; maintain hydration as advised.","pale_skin,jaundice,bone_pain,swelling_hands,shortness_of_breath"
Sickle cell disease,fatigue,jaundice,bone_pain,swelling_hands,shortness_of_breath,,,,,,,,,,,,,37.5-39.5°C / 99.5-103.1°F,"Seek specialist care for diagnosis and ongoing prevention. During severe pain, fever, chest pain, breathing difficulty, or weakness, seek emergency assessment; maintain hydration as advised.","fatigue,jaundice,bone_pain,swelling_hands,shortness_of_breath"
Sickle cell disease,fatigue,pale_skin,bone_pain,swelling_hands,shortness_of_breath,,,,,,,,,,,,,37.5-39.5°C / 99.5-103.1°F,"Seek specialist care for diagnosis and ongoing prevention. During severe pain, fever, chest pain, breathing difficulty, or weakness, seek emergency assessment; maintain hydration as advised.","fatigue,pale_skin,bone_pain,swelling_hands,shortness_of_breath"
Sickle cell disease,fatigue,pale_skin,jaundice,swelling_hands,shortness_of_breath,,,,,,,,,,,,,37.5-39.5°C / 99.5-103.1°F,"Seek specialist care for diagnosis and ongoing prevention. During severe pain, fever, chest pain, breathing difficulty, or weakness, seek emergency assessment; maintain hydration as advised.","fatigue,pale_skin,jaundice,swelling_hands,shortness_of_breath"
Sickle cell disease,fatigue,pale_skin,jaundice,bone_pain,shortness_of_breath,,,,,,,,,,,,,37.5-39.5°C / 99.5-103.1°F,"Seek specialist care for diagnosis and ongoing prevention. During severe pain, fever, chest pain, breathing difficulty, or weakness, seek emergency assessment; maintain hydration as advised.","fatigue,pale_skin,jaundice,bone_pain,shortness_of_breath"
Thalassemia,fatigue,pale_skin,weakness,shortness_of_breath,jaundice,abdominal_swelling,,,,,,,,,,,,36.1-38.0°C / 97-100.4°F,"Arrange blood-count testing and specialist care. Do not self-start iron unless deficiency is confirmed; urgent care is needed for severe breathlessness, chest pain, fainting, or infection.","fatigue,pale_skin,weakness,shortness_of_breath,jaundice,abdominal_swelling"
Thalassemia,pale_skin,weakness,shortness_of_breath,jaundice,abdominal_swelling,,,,,,,,,,,,,36.1-38.0°C / 97-100.4°F,"Arrange blood-count testing and specialist care. Do not self-start iron unless deficiency is confirmed; urgent care is needed for severe breathlessness, chest pain, fainting, or infection.","pale_skin,weakness,shortness_of_breath,jaundice,abdominal_swelling"
Thalassemia,fatigue,weakness,shortness_of_breath,jaundice,abdominal_swelling,,,,,,,,,,,,,36.1-38.0°C / 97-100.4°F,"Arrange blood-count testing and specialist care. Do not self-start iron unless deficiency is confirmed; urgent care is needed for severe breathlessness, chest pain, fainting, or infection.","fatigue,weakness,shortness_of_breath,jaundice,abdominal_swelling"
Thalassemia,fatigue,pale_skin,shortness_of_breath,jaundice,abdominal_swelling,,,,,,,,,,,,,36.1-38.0°C / 97-100.4°F,"Arrange blood-count testing and specialist care. Do not self-start iron unless deficiency is confirmed; urgent care is needed for severe breathlessness, chest pain, fainting, or infection.","fatigue,pale_skin,shortness_of_breath,jaundice,abdominal_swelling"
Thalassemia,fatigue,pale_skin,weakness,jaundice,abdominal_swelling,,,,,,,,,,,,,36.1-38.0°C / 97-100.4°F,"Arrange blood-count testing and specialist care. Do not self-start iron unless deficiency is confirmed; urgent care is needed for severe breathlessness, chest pain, fainting, or infection.","fatigue,pale_skin,weakness,jaundice,abdominal_swelling"
Thalassemia,fatigue,pale_skin,weakness,shortness_of_breath,abdominal_swelling,,,,,,,,,,,,,36.1-38.0°C / 97-100.4°F,"Arrange blood-count testing and specialist care. Do not self-start iron unless deficiency is confirmed; urgent care is needed for severe breathlessness, chest pain, fainting, or infection.","fatigue,pale_skin,weakness,shortness_of_breath,abdominal_swelling"
Chronic kidney disease,fatigue,swelling_legs,reduced_urination,nausea,itching,high_blood_pressure,,,,,,,,,,,,36.1-37.5°C / 97-99.5°F,"Arrange clinic assessment for blood pressure, urine, and kidney testing. Avoid unprescribed pain medicines and seek urgent care for very low urine output, severe breathlessness, confusion, or chest pain.","fatigue,swelling_legs,reduced_urination,nausea,itching,high_blood_pressure"
Chronic kidney disease,swelling_legs,reduced_urination,nausea,itching,high_blood_pressure,,,,,,,,,,,,,36.1-37.5°C / 97-99.5°F,"Arrange clinic assessment for blood pressure, urine, and kidney testing. Avoid unprescribed pain medicines and seek urgent care for very low urine output, severe breathlessness, confusion, or chest pain.","swelling_legs,reduced_urination,nausea,itching,high_blood_pressure"
Chronic kidney disease,fatigue,reduced_urination,nausea,itching,high_blood_pressure,,,,,,,,,,,,,36.1-37.5°C / 97-99.5°F,"Arrange clinic assessment for blood pressure, urine, and kidney testing. Avoid unprescribed pain medicines and seek urgent care for very low urine output, severe breathlessness, confusion, or chest pain.","fatigue,reduced_urination,nausea,itching,high_blood_pressure"
Chronic kidney disease,fatigue,swelling_legs,nausea,itching,high_blood_pressure,,,,,,,,,,,,,36.1-37.5°C / 97-99.5°F,"Arrange clinic assessment for blood pressure, urine, and kidney testing. Avoid unprescribed pain medicines and seek urgent care for very low urine output, severe breathlessness, confusion, or chest pain.","fatigue,swelling_legs,nausea,itching,high_blood_pressure"
Chronic kidney disease,fatigue,swelling_legs,reduced_urination,itching,high_blood_pressure,,,,,,,,,,,,,36.1-37.5°C / 97-99.5°F,"Arrange clinic assessment for blood pressure, urine, and kidney testing. Avoid unprescribed pain medicines and seek urgent care for very low urine output, severe breathlessness, confusion, or chest pain.","fatigue,swelling_legs,reduced_urination,itching,high_blood_pressure"
Chronic kidney disease,fatigue,swelling_legs,reduced_urination,nausea,high_blood_pressure,,,,,,,,,,,,,36.1-37.5°C / 97-99.5°F,"Arrange clinic assessment for blood pressure, urine, and kidney testing. Avoid unprescribed pain medicines and seek urgent care for very low urine output, severe breathlessness, confusion, or chest pain.","fatigue,swelling_legs,reduced_urination,nausea,high_blood_pressure"
Glaucoma,eye_pain,blurred_vision,halos_around_lights,redness_of_eyes,headache,nausea,,,,,,,,,,,,36.1-37.5°C / 97-99.5°F,"Urgent eye assessment is needed for sudden eye pain, halos, blurred vision, headache, or nausea. Regular screening and prescribed eye drops help prevent irreversible vision loss.","eye_pain,blurred_vision,halos_around_lights,redness_of_eyes,headache,nausea"
Glaucoma,blurred_vision,halos_around_lights,redness_of_eyes,headache,nausea,,,,,,,,,,,,,36.1-37.5°C / 97-99.5°F,"Urgent eye assessment is needed for sudden eye pain, halos, blurred vision, headache, or nausea. Regular screening and prescribed eye drops help prevent irreversible vision loss.","blurred_vision,halos_around_lights,redness_of_eyes,headache,nausea"
Glaucoma,eye_pain,halos_around_lights,redness_of_eyes,headache,nausea,,,,,,,,,,,,,36.1-37.5°C / 97-99.5°F,"Urgent eye assessment is needed for sudden eye pain, halos, blurred vision, headache, or nausea. Regular screening and prescribed eye drops help prevent irreversible vision loss.","eye_pain,halos_around_lights,redness_of_eyes,headache,nausea"
Glaucoma,eye_pain,blurred_vision,redness_of_eyes,headache,nausea,,,,,,,,,,,,,36.1-37.5°C / 97-99.5°F,"Urgent eye assessment is needed for sudden eye pain, halos, blurred vision, headache, or nausea. Regular screening and prescribed eye drops help prevent irreversible vision loss.","eye_pain,blurred_vision,redness_of_eyes,headache,nausea"
Glaucoma,eye_pain,blurred_vision,halos_around_lights,headache,nausea,,,,,,,,,,,,,36.1-37.5°C / 97-99.5°F,"Urgent eye assessment is needed for sudden eye pain, halos, blurred vision, headache, or nausea. Regular screening and prescribed eye drops help prevent irreversible vision loss.","eye_pain,blurred_vision,halos_around_lights,headache,nausea"
Glaucoma,eye_pain,blurred_vision,halos_around_lights,redness_of_eyes,nausea,,,,,,,,,,,,,36.1-37.5°C / 97-99.5°F,"Urgent eye assessment is needed for sudden eye pain, halos, blurred vision, headache, or nausea. Regular screening and prescribed eye drops help prevent irreversible vision loss.","eye_pain,blurred_vision,halos_around_lights,redness_of_eyes,nausea"
